page_title,file_name,page_url,file_url
Chamada Pública 04/2022 – Seleção de Bolsistas para Atuação no Programa Embaixadores da Inovação (Ciclo 2022/2023),Chamada Pública 04/2022 – Seleção de Bolsistas para Atuação no Programa Embaixadores da Inovação (Ciclo 2022/2023),http://www.fapeg.go.gov.br/chamada-publica-04-2022-selecao-de-bolsistas-para-atuacao-no-programa-embaixadores-da-inovacao-ciclo-2022-2023/,http://www.fapeg.go.gov.br/wp-content/uploads/2022/06/Chamada-Edital-Embaixadores-1.pdf
Chamada 03/2022 – Programa de Auxílio à Pesquisa Científica e Tecnológica,1ª Retificação –,http://www.fapeg.go.gov.br/chamada-03-2022-programa-de-auxilio-a-pesquisa-cientifica-e-tecnologica/,http://www.fapeg.go.gov.br/wp-content/uploads/2022/05/Primeira-retificacao-1.pdf
Chamada 03/2022 – Programa de Auxílio à Pesquisa Científica e Tecnológica,Chamada Pública nº 03/2022 – Programa de Auxílio à Pesquisa Científica e Tecnológica,http://www.fapeg.go.gov.br/chamada-03-2022-programa-de-auxilio-a-pesquisa-cientifica-e-tecnologica/,http://www.fapeg.go.gov.br/wp-content/uploads/2022/05/Edital_de_Auxilio_a_Pesquisa___20_05_22.pdf
Chamada CONFAP-CNPq-THE UK Academies,"Chamada CONFAP – CNPq – THE UK ACADEMIES Fellowships, Research Mobility, and Young Investigator Grants for UK researchers in Brazil",http://www.fapeg.go.gov.br/chamada-confap-cnpq-the-uk-academies/,http://www.fapeg.go.gov.br/wp-content/uploads/2022/05/CONFAP_CNPq_Academies-Call_-2022.pdf
Chamada CONFAP-CNPq-THE UK Academies,Diretrizes Fapeg,http://www.fapeg.go.gov.br/chamada-confap-cnpq-the-uk-academies/,http://www.fapeg.go.gov.br/wp-content/uploads/2022/05/Chamada-CONFAP-THE-UK-Academies-2022-Diretrizes-FAPEG.pdf
Chamada CONFAP-CNPq-THE UK Academies,Modelo de Súmula Curricular,http://www.fapeg.go.gov.br/chamada-confap-cnpq-the-uk-academies/,http://www.fapeg.go.gov.br/wp-content/uploads/2022/05/Modelo-de-Sumula-Curricular-versao-em-ingles.pdf
Chamada Pública 02/2022 – Chamada para o fortalecimento das áreas naturais protegidas no Nordeste Goiano,Chamada Pública 02/2022 – Chamada para o fortalecimento das áreas naturais protegidas no Nordeste Goiano,http://www.fapeg.go.gov.br/chamada-publica-02-2022-chamada-para-o-fortalecimento-das-areas-naturais-protegidas-no-nordeste-goiano/,http://www.fapeg.go.gov.br/wp-content/uploads/2022/04/Edital-02.2022.pdf
CHAMADA CONFAP & Wallonie Bruxelles – Bélgica 2022,Corrigendum no. 1,http://www.fapeg.go.gov.br/chamada-confap-wallonie-bruxelles-belgica-2022/,http://www.fapeg.go.gov.br/wp-content/uploads/2022/03/CONFAP-WBI-call-for-projects_-Corrigendum-no-1-.pdf
CHAMADA CONFAP & Wallonie Bruxelles – Bélgica 2022,CHAMADA CONFAP & Wallonie Bruxelles – Bélgica 2022,http://www.fapeg.go.gov.br/chamada-confap-wallonie-bruxelles-belgica-2022/,https://confap.org.br/news/wp-content/uploads/2022/01/CONFAP-WBI-call-for-projects.pdf
Chamada Pública nº 01/2022 Programa de Concessão de Bolsas de Formação em Mestrado e Doutorado,Resultado Final,http://www.fapeg.go.gov.br/chamada-publica-no-01-2022-programa-de-concessao-de-bolsas-de-formacao-em-mestrado-e-doutorado-202/,http://www.fapeg.go.gov.br/wp-content/uploads/2022/02/Resultado_final___EDITAL_DE_BOLSAS_2022.pdf
Chamada Pública nº 01/2022 Programa de Concessão de Bolsas de Formação em Mestrado e Doutorado,Resultado Preliminar,http://www.fapeg.go.gov.br/chamada-publica-no-01-2022-programa-de-concessao-de-bolsas-de-formacao-em-mestrado-e-doutorado-202/,http://www.fapeg.go.gov.br/wp-content/uploads/2022/02/Resultado-preliminar-Ed.-Bolsas-05-05-22-1.pdf
Chamada Pública nº 01/2022 Programa de Concessão de Bolsas de Formação em Mestrado e Doutorado,Tutorial para preenchimento da plataforma OPP-FAPEG pelos orientadores,http://www.fapeg.go.gov.br/chamada-publica-no-01-2022-programa-de-concessao-de-bolsas-de-formacao-em-mestrado-e-doutorado-202/,http://www.fapeg.go.gov.br/wp-content/uploads/2022/02/Tutorial-OPP-para-Orientadores-Edital-de-Bolsas-FAPEG-no-01-2022-1.pdf
Chamada Pública nº 01/2022 Programa de Concessão de Bolsas de Formação em Mestrado e Doutorado,Modelo de projeto para o bolsista,http://www.fapeg.go.gov.br/chamada-publica-no-01-2022-programa-de-concessao-de-bolsas-de-formacao-em-mestrado-e-doutorado-202/,http://www.fapeg.go.gov.br/wp-content/uploads/2022/02/Roteiro-para-projeto-Bolsas-de-Mestrado-e-Doutorado-1.pdf
Chamada Pública nº 01/2022 Programa de Concessão de Bolsas de Formação em Mestrado e Doutorado,Retificação II,http://www.fapeg.go.gov.br/chamada-publica-no-01-2022-programa-de-concessao-de-bolsas-de-formacao-em-mestrado-e-doutorado-202/,http://www.fapeg.go.gov.br/wp-content/uploads/2022/02/2a-retificacao-Edital-de-Bolsas-001-2022.pdf
Chamada Pública nº 01/2022 Programa de Concessão de Bolsas de Formação em Mestrado e Doutorado,Retificação I,http://www.fapeg.go.gov.br/chamada-publica-no-01-2022-programa-de-concessao-de-bolsas-de-formacao-em-mestrado-e-doutorado-202/,http://www.fapeg.go.gov.br/wp-content/uploads/2022/02/Retificacao-I-Edital-01-2022.pdf
Chamada Pública nº 01/2022 Programa de Concessão de Bolsas de Formação em Mestrado e Doutorado,Chamada Pública nº 01/2022 Programa de Concessão de Bolsas de Formação em Mestrado e Doutorado/2022,http://www.fapeg.go.gov.br/chamada-publica-no-01-2022-programa-de-concessao-de-bolsas-de-formacao-em-mestrado-e-doutorado-202/,http://www.fapeg.go.gov.br/wp-content/uploads/2022/02/24-Edital-de-Bolsas-2022-v5.pdf
Chamada Pública nº 01/2022 Programa de Concessão de Bolsas de Formação em Mestrado e Doutorado,Portaria nº 011/PRES,http://www.fapeg.go.gov.br/chamada-publica-no-01-2022-programa-de-concessao-de-bolsas-de-formacao-em-mestrado-e-doutorado-202/,http://www.fapeg.go.gov.br/wp-content/uploads/2022/02/Portaria-no-011-PRES-14-02-2022.pdf
Chamada Pública nº 01/2022 Programa de Concessão de Bolsas de Formação em Mestrado e Doutorado,Portaria nº 013/PRES,http://www.fapeg.go.gov.br/chamada-publica-no-01-2022-programa-de-concessao-de-bolsas-de-formacao-em-mestrado-e-doutorado-202/,http://www.fapeg.go.gov.br/wp-content/uploads/2022/02/Portaria-no-013-PRES-21-02-2022.pdf
Chamada Pública nº 01/2022 Programa de Concessão de Bolsas de Formação em Mestrado e Doutorado,Instruções para preenchimento no OPP-FAPEG,http://www.fapeg.go.gov.br/chamada-publica-no-01-2022-programa-de-concessao-de-bolsas-de-formacao-em-mestrado-e-doutorado-202/,http://www.fapeg.go.gov.br/wp-content/uploads/2022/02/Instrucoes-para-Preenchimento-no-OPP-FAPEG-pelas-PRPGs.pdf
Chamada Pública nº 06/2021 – Fortalecimento das competências das Unidades EMBRAPII do Estado de Goiás e Execução de projetos cooperativos com empresas,Resultado Final – Etapa de Mérito,http://www.fapeg.go.gov.br/chamada-publica-no-06-2021-fortalecimento-das-competencias-das-unidades-embrapii-do-estado-de-goias-e-execucao-de-projetos-cooperativos-com-empresas/,http://www.fapeg.go.gov.br/wp-content/uploads/2021/09/Resultado__final_de__Mertito__1_-1.pdf
Chamada Pública nº 06/2021 – Fortalecimento das competências das Unidades EMBRAPII do Estado de Goiás e Execução de projetos cooperativos com empresas,Resultado Preliminar – Etapa de Mérito,http://www.fapeg.go.gov.br/chamada-publica-no-06-2021-fortalecimento-das-competencias-das-unidades-embrapii-do-estado-de-goias-e-execucao-de-projetos-cooperativos-com-empresas/,http://www.fapeg.go.gov.br/wp-content/uploads/2021/09/Resultado-preliminar-de-Merito.pdf
Chamada Pública nº 06/2021 – Fortalecimento das competências das Unidades EMBRAPII do Estado de Goiás e Execução de projetos cooperativos com empresas,Resultado Final – Etapa de Enquadramento,http://www.fapeg.go.gov.br/chamada-publica-no-06-2021-fortalecimento-das-competencias-das-unidades-embrapii-do-estado-de-goias-e-execucao-de-projetos-cooperativos-com-empresas/,http://www.fapeg.go.gov.br/wp-content/uploads/2021/09/Resultado-Final-ENQUADRAMENTO.pdf
Chamada Pública nº 06/2021 – Fortalecimento das competências das Unidades EMBRAPII do Estado de Goiás e Execução de projetos cooperativos com empresas,Resultado Preliminar – Etapa de Enquadramento,http://www.fapeg.go.gov.br/chamada-publica-no-06-2021-fortalecimento-das-competencias-das-unidades-embrapii-do-estado-de-goias-e-execucao-de-projetos-cooperativos-com-empresas/,http://www.fapeg.go.gov.br/wp-content/uploads/2021/09/Resultado-Preliminar-ENQUADRAMENTO.pdf
Chamada Pública nº 06/2021 – Fortalecimento das competências das Unidades EMBRAPII do Estado de Goiás e Execução de projetos cooperativos com empresas,Edital Retificado III,http://www.fapeg.go.gov.br/chamada-publica-no-06-2021-fortalecimento-das-competencias-das-unidades-embrapii-do-estado-de-goias-e-execucao-de-projetos-cooperativos-com-empresas/,http://www.fapeg.go.gov.br/wp-content/uploads/2021/09/chamada_06_2021_embrapii___RETIFICADO-2.pdf
Chamada Pública nº 06/2021 – Fortalecimento das competências das Unidades EMBRAPII do Estado de Goiás e Execução de projetos cooperativos com empresas,Edital Retificado II,http://www.fapeg.go.gov.br/chamada-publica-no-06-2021-fortalecimento-das-competencias-das-unidades-embrapii-do-estado-de-goias-e-execucao-de-projetos-cooperativos-com-empresas/,http://www.fapeg.go.gov.br/wp-content/uploads/2021/09/chamada_06_2021_embrapii___RETIFICADO.pdf
Chamada Pública nº 06/2021 – Fortalecimento das competências das Unidades EMBRAPII do Estado de Goiás e Execução de projetos cooperativos com empresas,Edital Retificado,http://www.fapeg.go.gov.br/chamada-publica-no-06-2021-fortalecimento-das-competencias-das-unidades-embrapii-do-estado-de-goias-e-execucao-de-projetos-cooperativos-com-empresas/,http://www.fapeg.go.gov.br/wp-content/uploads/2021/09/chamada_06_2021_embrapii___RETIFICADO__4_.pdf
Chamada Pública nº 06/2021 – Fortalecimento das competências das Unidades EMBRAPII do Estado de Goiás e Execução de projetos cooperativos com empresas,Chamada Pública nº 06/2021 – Fortalecimento das competências das Unidades EMBRAPII do Estado de Goiás e Execução de projetos cooperativos com empresas,http://www.fapeg.go.gov.br/chamada-publica-no-06-2021-fortalecimento-das-competencias-das-unidades-embrapii-do-estado-de-goias-e-execucao-de-projetos-cooperativos-com-empresas/,http://www.fapeg.go.gov.br/wp-content/uploads/2021/09/chamada-06-2021-embrapii.pdf
Chamada Pública nº 06/2021 – Fortalecimento das competências das Unidades EMBRAPII do Estado de Goiás e Execução de projetos cooperativos com empresas,Termo de Outorga – Auxílio,http://www.fapeg.go.gov.br/chamada-publica-no-06-2021-fortalecimento-das-competencias-das-unidades-embrapii-do-estado-de-goias-e-execucao-de-projetos-cooperativos-com-empresas/,http://www.fapeg.go.gov.br/wp-content/uploads/2021/09/T.-O.-Auxilio.pdf
Chamada Pública nº 06/2021 – Fortalecimento das competências das Unidades EMBRAPII do Estado de Goiás e Execução de projetos cooperativos com empresas,Termo de Outorga – Cláusula Compromissória,http://www.fapeg.go.gov.br/chamada-publica-no-06-2021-fortalecimento-das-competencias-das-unidades-embrapii-do-estado-de-goias-e-execucao-de-projetos-cooperativos-com-empresas/,http://www.fapeg.go.gov.br/wp-content/uploads/2021/09/T.-O.-Clausula-Compromissoria.pdf
Chamada Pública nº 06/2021 – Fortalecimento das competências das Unidades EMBRAPII do Estado de Goiás e Execução de projetos cooperativos com empresas,Termo de Outorga – Bolsa,http://www.fapeg.go.gov.br/chamada-publica-no-06-2021-fortalecimento-das-competencias-das-unidades-embrapii-do-estado-de-goias-e-execucao-de-projetos-cooperativos-com-empresas/,http://www.fapeg.go.gov.br/wp-content/uploads/2021/09/T.-O.-Bolsa.pdf
Chamada Pública nº05/2021 – Programa Nacional de Apoio à Geração de Empreendimentos Inovadores Programa Centelha 2 GO,Resultado Final – Fase II,http://www.fapeg.go.gov.br/chamada-publica-no05-2021-programa-nacional-de-apoio-a-geracao-de-empreendimentos-inovadores-programa-centelha-2-go/,http://www.fapeg.go.gov.br/wp-content/uploads/2021/09/Lista-final-de-Aprovados-da-Fase-2.pdf
Chamada Pública nº05/2021 – Programa Nacional de Apoio à Geração de Empreendimentos Inovadores Programa Centelha 2 GO,Resultado Preliminar – Fase II,http://www.fapeg.go.gov.br/chamada-publica-no05-2021-programa-nacional-de-apoio-a-geracao-de-empreendimentos-inovadores-programa-centelha-2-go/,http://www.fapeg.go.gov.br/wp-content/uploads/2021/09/Lista-Preliminar-de-Aprovados-da-Fase-2-1.pdf
Chamada Pública nº05/2021 – Programa Nacional de Apoio à Geração de Empreendimentos Inovadores Programa Centelha 2 GO,Retificação III – Cronograma,http://www.fapeg.go.gov.br/chamada-publica-no05-2021-programa-nacional-de-apoio-a-geracao-de-empreendimentos-inovadores-programa-centelha-2-go/,http://www.fapeg.go.gov.br/wp-content/uploads/2021/09/Retificacao-3-1.pdf
Chamada Pública nº05/2021 – Programa Nacional de Apoio à Geração de Empreendimentos Inovadores Programa Centelha 2 GO,Resultado Final – Fase I,http://www.fapeg.go.gov.br/chamada-publica-no05-2021-programa-nacional-de-apoio-a-geracao-de-empreendimentos-inovadores-programa-centelha-2-go/,http://www.fapeg.go.gov.br/wp-content/uploads/2021/09/Lista-Final-de-Aprovadas-da-Fase-1.pdf
Chamada Pública nº05/2021 – Programa Nacional de Apoio à Geração de Empreendimentos Inovadores Programa Centelha 2 GO,Resultado Preliminar – Fase I,http://www.fapeg.go.gov.br/chamada-publica-no05-2021-programa-nacional-de-apoio-a-geracao-de-empreendimentos-inovadores-programa-centelha-2-go/,http://www.fapeg.go.gov.br/wp-content/uploads/2021/09/Lista-Preliminar-de-Aprovadas-da-Fase-1.pdf
Chamada Pública nº05/2021 – Programa Nacional de Apoio à Geração de Empreendimentos Inovadores Programa Centelha 2 GO,Retificação II – Cronograma,http://www.fapeg.go.gov.br/chamada-publica-no05-2021-programa-nacional-de-apoio-a-geracao-de-empreendimentos-inovadores-programa-centelha-2-go/,http://www.fapeg.go.gov.br/wp-content/uploads/2021/09/GO-Edital-Centelha-2-Retificado-2-1.pdf
Chamada Pública nº05/2021 – Programa Nacional de Apoio à Geração de Empreendimentos Inovadores Programa Centelha 2 GO,Edital Retificado,http://www.fapeg.go.gov.br/chamada-publica-no05-2021-programa-nacional-de-apoio-a-geracao-de-empreendimentos-inovadores-programa-centelha-2-go/,http://www.fapeg.go.gov.br/wp-content/uploads/2021/09/GO-Edital-Centelha-2-Retificado-1.pdf
Chamada Pública nº05/2021 – Programa Nacional de Apoio à Geração de Empreendimentos Inovadores Programa Centelha 2 GO,Chamada Pública nº05/2021 – Programa Nacional de Apoio à Geração de Empreendimentos Inovadores Programa Centelha 2 GO,http://www.fapeg.go.gov.br/chamada-publica-no05-2021-programa-nacional-de-apoio-a-geracao-de-empreendimentos-inovadores-programa-centelha-2-go/,http://www.fapeg.go.gov.br/wp-content/uploads/2021/09/Edital-Centelha-2controlador.php_.pdf
Chamada Pública nº05/2021 – Programa Nacional de Apoio à Geração de Empreendimentos Inovadores Programa Centelha 2 GO,Termo de Outorga de Subvenção Econômica ,http://www.fapeg.go.gov.br/chamada-publica-no05-2021-programa-nacional-de-apoio-a-geracao-de-empreendimentos-inovadores-programa-centelha-2-go/,http://www.fapeg.go.gov.br/wp-content/uploads/2021/09/T.O._v.Final_.pdf
Chamada Pública Nº04/2021- Chamada para Conservação da Natureza no Nordeste Goiano,Resultado Final ,http://www.fapeg.go.gov.br/chamada-publica-no04-2021-chamada-para-conservacao-da-natureza-no-nordeste-goiano/,http://www.fapeg.go.gov.br/wp-content/uploads/2021/09/Resultado_Final-FGB.pdf
Chamada Pública Nº04/2021- Chamada para Conservação da Natureza no Nordeste Goiano,Resultado Preliminar – Etapa de Mérito,http://www.fapeg.go.gov.br/chamada-publica-no04-2021-chamada-para-conservacao-da-natureza-no-nordeste-goiano/,http://www.fapeg.go.gov.br/wp-content/uploads/2021/09/Resultado-Preliminar-Merito-2.pdf
Chamada Pública Nº04/2021- Chamada para Conservação da Natureza no Nordeste Goiano,Chamada Retificação II,http://www.fapeg.go.gov.br/chamada-publica-no04-2021-chamada-para-conservacao-da-natureza-no-nordeste-goiano/,http://www.fapeg.go.gov.br/wp-content/uploads/2021/09/0410FGB_regulamento_final_chamada_cerrado-RETIFICADO-2-1.pdf
Chamada Pública Nº04/2021- Chamada para Conservação da Natureza no Nordeste Goiano,Resultado Final – Etapa de Enquadramento,http://www.fapeg.go.gov.br/chamada-publica-no04-2021-chamada-para-conservacao-da-natureza-no-nordeste-goiano/,http://www.fapeg.go.gov.br/wp-content/uploads/2021/09/Resultado_Final_Enquadramento.pdf
Chamada Pública Nº04/2021- Chamada para Conservação da Natureza no Nordeste Goiano,Resultado Preliminar – Etapa de Enquadramento,http://www.fapeg.go.gov.br/chamada-publica-no04-2021-chamada-para-conservacao-da-natureza-no-nordeste-goiano/,http://www.fapeg.go.gov.br/wp-content/uploads/2021/09/Resultado_preliminar____Enquadramento.pdf
Chamada Pública Nº04/2021- Chamada para Conservação da Natureza no Nordeste Goiano,Chamada Retificada,http://www.fapeg.go.gov.br/chamada-publica-no04-2021-chamada-para-conservacao-da-natureza-no-nordeste-goiano/,http://www.fapeg.go.gov.br/wp-content/uploads/2021/09/0410FGB_regulamento_final_chamada_cerrado-2.pdf
Chamada Pública Nº04/2021- Chamada para Conservação da Natureza no Nordeste Goiano,Chamada Pública Nº04/2021- Chamada para Conservação da Natureza no Nordeste Goiano,http://www.fapeg.go.gov.br/chamada-publica-no04-2021-chamada-para-conservacao-da-natureza-no-nordeste-goiano/,http://www.fapeg.go.gov.br/wp-content/uploads/2021/09/Regulamento_Chamada___NE_Goias_2021_01set21___final.pdf
Chamada Pública Nº04/2021- Chamada para Conservação da Natureza no Nordeste Goiano,Anexo II  – Minuta de Termo de outorga,http://www.fapeg.go.gov.br/chamada-publica-no04-2021-chamada-para-conservacao-da-natureza-no-nordeste-goiano/,http://www.fapeg.go.gov.br/wp-content/uploads/2021/09/Anexo-2_Minuta-Termo-de-Outorga.pdf
Chamada Pública Nº03/2021 – Programa de Concessão de Bolsas de Estágio Pós-Doutoral para Atuação nos Institutos Nacionais de Tecnologia (INCTs) do Estado de Goiás,Chamada Pública Nº03/2021 – Programa de Concessão de Bolsas de Estágio Pós-Doutoral para Atuação nos Institutos Nacionais de Tecnologia (INCTs) do Estado de Goiás,http://www.fapeg.go.gov.br/chamada-03-2021-programa-de-concessao-de-bolsas-de-estagio-pos-doutoral-para-atuacao-nos-institutos-nacionais-de-tecnologia-incts-do-estado-de-goias/,http://www.fapeg.go.gov.br/wp-content/uploads/2021/06/Chamada-03-2021-INCT_14-de-junho.pdf
Chamada Pública Nº03/2021 – Programa de Concessão de Bolsas de Estágio Pós-Doutoral para Atuação nos Institutos Nacionais de Tecnologia (INCTs) do Estado de Goiás,Retificação I,http://www.fapeg.go.gov.br/chamada-03-2021-programa-de-concessao-de-bolsas-de-estagio-pos-doutoral-para-atuacao-nos-institutos-nacionais-de-tecnologia-incts-do-estado-de-goias/,http://www.fapeg.go.gov.br/wp-content/uploads/2021/06/Edital-INCTs-retificac%CC%A7a%CC%83o-I-1.pdf
Chamada Pública Nº03/2021 – Programa de Concessão de Bolsas de Estágio Pós-Doutoral para Atuação nos Institutos Nacionais de Tecnologia (INCTs) do Estado de Goiás,onvocação Cadastro de Reserva,http://www.fapeg.go.gov.br/chamada-03-2021-programa-de-concessao-de-bolsas-de-estagio-pos-doutoral-para-atuacao-nos-institutos-nacionais-de-tecnologia-incts-do-estado-de-goias/,http://www.fapeg.go.gov.br/wp-content/uploads/2021/06/Publicacao_no_DOE.pdf
Chamada Pública Nº 02/2021- Seleção de Bolsista para Atuação no Apoio e Desenvolvimento do Programa Centelha II em Goiás,Chamada Pública Nº 02/2021 – Seleção de Bolsista para Atuação no Apoio e Desenvolvimento do Programa Centelha II em Goiás),http://www.fapeg.go.gov.br/chamada-publica-no-02-2021-selecao-de-bolsista-para-atuacao-no-apoio-e-desenvolvimento-do-programa-centelha-ii-em-goias/,http://www.fapeg.go.gov.br/wp-content/uploads/2021/04/Edital-bolsista_Centelha_II1.pdf
Chamada Pública Nº 02/2021- Seleção de Bolsista para Atuação no Apoio e Desenvolvimento do Programa Centelha II em Goiás,Manual de Uso Técnico da plataforma OPP Fapeg,http://www.fapeg.go.gov.br/chamada-publica-no-02-2021-selecao-de-bolsista-para-atuacao-no-apoio-e-desenvolvimento-do-programa-centelha-ii-em-goias/,http://www.fapeg.go.gov.br/wp-content/uploads/2021/04/Manual-de-Uso-T%C3%A9cnico-da-Plataforma-OPP-Fapeg-2.pdf
Chamada Pública Nº 02/2021- Seleção de Bolsista para Atuação no Apoio e Desenvolvimento do Programa Centelha II em Goiás,(Resultado Preliminar Enquadramento),http://www.fapeg.go.gov.br/chamada-publica-no-02-2021-selecao-de-bolsista-para-atuacao-no-apoio-e-desenvolvimento-do-programa-centelha-ii-em-goias/,http://www.fapeg.go.gov.br/wp-content/uploads/2021/04/Resultado-Preliminar-Enquadramento-Bolsista.pdf
Chamada Pública Nº 02/2021- Seleção de Bolsista para Atuação no Apoio e Desenvolvimento do Programa Centelha II em Goiás,Resultado Final Enquadramento,http://www.fapeg.go.gov.br/chamada-publica-no-02-2021-selecao-de-bolsista-para-atuacao-no-apoio-e-desenvolvimento-do-programa-centelha-ii-em-goias/,http://www.fapeg.go.gov.br/wp-content/uploads/2021/04/Resultado-Final-Enquadramento-Bolsista.pdf
Chamada Pública Nº 02/2021- Seleção de Bolsista para Atuação no Apoio e Desenvolvimento do Programa Centelha II em Goiás,Resultado preliminar da etapa de análise de mérito – Análise Curricular,http://www.fapeg.go.gov.br/chamada-publica-no-02-2021-selecao-de-bolsista-para-atuacao-no-apoio-e-desenvolvimento-do-programa-centelha-ii-em-goias/,http://www.fapeg.go.gov.br/wp-content/uploads/2021/04/Etapa-Analise-de-M%C3%A9rito.pdf
Chamada Pública Nº 02/2021- Seleção de Bolsista para Atuação no Apoio e Desenvolvimento do Programa Centelha II em Goiás,Resultado Final da 1ª etapa de análise de mérito – Análise Curricular,http://www.fapeg.go.gov.br/chamada-publica-no-02-2021-selecao-de-bolsista-para-atuacao-no-apoio-e-desenvolvimento-do-programa-centelha-ii-em-goias/,http://www.fapeg.go.gov.br/wp-content/uploads/2021/04/Resultado-final-1%C2%AA-etapa-analise-de-merito-analise-curricular-II.pdf
Chamada Pública Nº 02/2021- Seleção de Bolsista para Atuação no Apoio e Desenvolvimento do Programa Centelha II em Goiás,Resultado Preliminar da 2ª etapa de mérito – Entrevistas,http://www.fapeg.go.gov.br/chamada-publica-no-02-2021-selecao-de-bolsista-para-atuacao-no-apoio-e-desenvolvimento-do-programa-centelha-ii-em-goias/,http://www.fapeg.go.gov.br/wp-content/uploads/2021/04/RESULTADO-PRELIMINAR-DA-2%C2%AA-ETAPA-DE-M%C3%89RITO-ENTREVISTAS..pdf
Chamada Pública Nº 02/2021- Seleção de Bolsista para Atuação no Apoio e Desenvolvimento do Programa Centelha II em Goiás,Retificação I,http://www.fapeg.go.gov.br/chamada-publica-no-02-2021-selecao-de-bolsista-para-atuacao-no-apoio-e-desenvolvimento-do-programa-centelha-ii-em-goias/,http://www.fapeg.go.gov.br/wp-content/uploads/2021/04/Retificacao_Edital_02-2021.pdf
Chamada Pública Nº 02/2021- Seleção de Bolsista para Atuação no Apoio e Desenvolvimento do Programa Centelha II em Goiás,Resultado Final da 2ª etapa de mérito – Entrevistas,http://www.fapeg.go.gov.br/chamada-publica-no-02-2021-selecao-de-bolsista-para-atuacao-no-apoio-e-desenvolvimento-do-programa-centelha-ii-em-goias/,http://www.fapeg.go.gov.br/wp-content/uploads/2021/04/resultado-final-CP-022021-1.pdf
Chamada Pública Nº 02/2021- Seleção de Bolsista para Atuação no Apoio e Desenvolvimento do Programa Centelha II em Goiás,(1ª Convocação de Cadastro de Reserva),http://www.fapeg.go.gov.br/chamada-publica-no-02-2021-selecao-de-bolsista-para-atuacao-no-apoio-e-desenvolvimento-do-programa-centelha-ii-em-goias/,http://www.fapeg.go.gov.br/wp-content/uploads/2021/04/Bolsista_Centelha-6.pdf
CHAMADA CONFAP CNPq FAPEG – ERC 2020,RESULTADO FINAL,http://www.fapeg.go.gov.br/chamada-confap-cnpq-fapeg-erc-2020/,http://www.fapeg.go.gov.br/wp-content/uploads/2021/02/Resultado-Chamada-ERC-CONFAP-CNPq-2020.pdf
CHAMADA CONFAP CNPq FAPEG – ERC 2020,CHAMADA CONFAP CNPq FAPEG – ERC 2020,http://www.fapeg.go.gov.br/chamada-confap-cnpq-fapeg-erc-2020/,http://www.fapeg.go.gov.br/wp-content/uploads/2021/02/Chamada-ERC-CONFAP-CNPq-2020-1.pdf
CHAMADA CONFAP CNPq FAPEG – ERC 2020,Diretrizes para Proponentes do Estado de Goiás,http://www.fapeg.go.gov.br/chamada-confap-cnpq-fapeg-erc-2020/,http://www.fapeg.go.gov.br/wp-content/uploads/2021/02/Diretrizes-ERC-2020v.1-1-1.pdf
CHAMADA CONFAP CNPq FAPEG – ERC 2020,Corrigendum no. 1),http://www.fapeg.go.gov.br/chamada-confap-cnpq-fapeg-erc-2020/,http://www.fapeg.go.gov.br/wp-content/uploads/2021/02/Chamada-ERC-CONFAP-CNPq-2020_Corrigendum-N%C2%BA-1.pdf
CHAMADA CONFAP CNPq FAPEG – ERC 2020,Corrigendum no. 2,http://www.fapeg.go.gov.br/chamada-confap-cnpq-fapeg-erc-2020/,http://www.fapeg.go.gov.br/wp-content/uploads/2021/02/Chamada-ERC-CONFAP-CNPq-2020_Corrigendum-N%C2%BA-2.pdf
CHAMADA CONFAP CNPq FAPEG – ERC 2020,Corrigendum no. 3,http://www.fapeg.go.gov.br/chamada-confap-cnpq-fapeg-erc-2020/,http://www.fapeg.go.gov.br/wp-content/uploads/2021/02/Chamada-ERC-CONFAP-CNPq-2020_Corrigendum-N%C2%BA-3.pdf
EDITAL FAPEG Nº01/2021 PROGRAMA DE CONCESSÃO DE BOLSAS DE FORMAÇÃO DE MESTRADO E DOUTORADO/2021,CHAMADA RETIFICADA,http://www.fapeg.go.gov.br/edital-fapeg-no01-2021-programa-de-concessao-de-bolsas-de-formacao-de-mestrado-e-doutorado-2021/,http://www.fapeg.go.gov.br/wp-content/uploads/2021/01/Edital_Retificacoes_14jan21_vF.15-04-211.pdf
EDITAL FAPEG Nº01/2021 PROGRAMA DE CONCESSÃO DE BOLSAS DE FORMAÇÃO DE MESTRADO E DOUTORADO/2021,EDITAL FAPEG Nº01/2021 PROGRAMA DE CONCESSÃO DE BOLSAS DE FORMAÇÃO DE MESTRADO E DOUTORADO/2021,http://www.fapeg.go.gov.br/edital-fapeg-no01-2021-programa-de-concessao-de-bolsas-de-formacao-de-mestrado-e-doutorado-2021/,http://www.fapeg.go.gov.br/wp-content/uploads/2021/01/EDITAL-FAPEG-01-2021_PROGRAMA-DE-CONCESS%C3%83O-DE-BOLSAS-DE-FORMA%C3%87%C3%83O-DE-MESTRADO-E-DOUTORADO_2021.pdf
EDITAL FAPEG Nº01/2021 PROGRAMA DE CONCESSÃO DE BOLSAS DE FORMAÇÃO DE MESTRADO E DOUTORADO/2021,RESULTADO PRELIMINAR,http://www.fapeg.go.gov.br/edital-fapeg-no01-2021-programa-de-concessao-de-bolsas-de-formacao-de-mestrado-e-doutorado-2021/,http://www.fapeg.go.gov.br/wp-content/uploads/2021/01/RESULTADO-PRELIMINAR.pdf
EDITAL FAPEG Nº01/2021 PROGRAMA DE CONCESSÃO DE BOLSAS DE FORMAÇÃO DE MESTRADO E DOUTORADO/2021,RESULTADO FINAL (LOTE 01),http://www.fapeg.go.gov.br/edital-fapeg-no01-2021-programa-de-concessao-de-bolsas-de-formacao-de-mestrado-e-doutorado-2021/,http://www.fapeg.go.gov.br/wp-content/uploads/2021/01/RESULTADO-FINAL-LOTE-01.pdf
EDITAL FAPEG Nº01/2021 PROGRAMA DE CONCESSÃO DE BOLSAS DE FORMAÇÃO DE MESTRADO E DOUTORADO/2021,EDITAL RETIFICADO II,http://www.fapeg.go.gov.br/edital-fapeg-no01-2021-programa-de-concessao-de-bolsas-de-formacao-de-mestrado-e-doutorado-2021/,http://www.fapeg.go.gov.br/wp-content/uploads/2021/01/EDITAL-RETIFICADO-II.pdf
EDITAL FAPEG Nº01/2021 PROGRAMA DE CONCESSÃO DE BOLSAS DE FORMAÇÃO DE MESTRADO E DOUTORADO/2021,CRONOGRAMA RETIFICADO,http://www.fapeg.go.gov.br/edital-fapeg-no01-2021-programa-de-concessao-de-bolsas-de-formacao-de-mestrado-e-doutorado-2021/,http://www.fapeg.go.gov.br/wp-content/uploads/2021/01/CRONOGRAMA-RETIFICADO.pdf
EDITAL FAPEG Nº01/2021 PROGRAMA DE CONCESSÃO DE BOLSAS DE FORMAÇÃO DE MESTRADO E DOUTORADO/2021,EDITAL RETIFICADO III,http://www.fapeg.go.gov.br/edital-fapeg-no01-2021-programa-de-concessao-de-bolsas-de-formacao-de-mestrado-e-doutorado-2021/,http://www.fapeg.go.gov.br/wp-content/uploads/2021/01/Retifica%C3%A7%C3%A3o-3-01-2021-.pdf
EDITAL FAPEG Nº01/2021 PROGRAMA DE CONCESSÃO DE BOLSAS DE FORMAÇÃO DE MESTRADO E DOUTORADO/2021,RESULTADO PRELIMINAR (LOTE 02),http://www.fapeg.go.gov.br/edital-fapeg-no01-2021-programa-de-concessao-de-bolsas-de-formacao-de-mestrado-e-doutorado-2021/,http://www.fapeg.go.gov.br/wp-content/uploads/2021/01/Resultado-preliminar-Edital-de-Bolsas-2%C2%BA-lote-.pdf
EDITAL FAPEG Nº01/2021 PROGRAMA DE CONCESSÃO DE BOLSAS DE FORMAÇÃO DE MESTRADO E DOUTORADO/2021,RESULTADO FINAL (LOTE 02),http://www.fapeg.go.gov.br/edital-fapeg-no01-2021-programa-de-concessao-de-bolsas-de-formacao-de-mestrado-e-doutorado-2021/,http://www.fapeg.go.gov.br/wp-content/uploads/2021/01/RESULTADO-FINAL-LOTE-02-1-1.pdf
EDITAL FAPEG Nº01/2021 PROGRAMA DE CONCESSÃO DE BOLSAS DE FORMAÇÃO DE MESTRADO E DOUTORADO/2021,CRONOGRAMA RETIFICADO (LOTE 02),http://www.fapeg.go.gov.br/edital-fapeg-no01-2021-programa-de-concessao-de-bolsas-de-formacao-de-mestrado-e-doutorado-2021/,http://www.fapeg.go.gov.br/wp-content/uploads/2021/01/Retificacao-Cronograma-Edital-01-2021.pdf
EDITAL FAPEG Nº01/2021 PROGRAMA DE CONCESSÃO DE BOLSAS DE FORMAÇÃO DE MESTRADO E DOUTORADO/2021,RESULTADO FINAL RETIFICADO – LOTE 02,http://www.fapeg.go.gov.br/edital-fapeg-no01-2021-programa-de-concessao-de-bolsas-de-formacao-de-mestrado-e-doutorado-2021/,http://www.fapeg.go.gov.br/wp-content/uploads/2021/01/Ed.-Bolsas-Resultado-final-RETIFICADO.pdf
CONFAP – CNPq – H2020 Green Deal Call,(Chamada CONFAP-CNPq-H2020 Green Deal (em inglês)),http://www.fapeg.go.gov.br/confap-cnpq-h2020-green-deal-call/,http://www.fapeg.go.gov.br/wp-content/uploads/2020/11/Chamada-CONFAP-CNPq-H2020-Green-Deal-1.pdf
CONFAP – CNPq – H2020 Green Deal Call,Corrigendum no. 1),http://www.fapeg.go.gov.br/confap-cnpq-h2020-green-deal-call/,http://www.fapeg.go.gov.br/wp-content/uploads/2020/11/CONFAP_CNPq_H2020_Green-Deal_Call_Corrigendum-no.-1.pdf
CONFAP – CNPq – H2020 Green Deal Call,Corrigendum no. 2),http://www.fapeg.go.gov.br/confap-cnpq-h2020-green-deal-call/,http://www.fapeg.go.gov.br/wp-content/uploads/2020/11/CONFAP_CNPq_H2020_Green-Deal_Call_Corrigendum-no.-2-1.pdf
Chamada Nº 06/2020 – Seleção de Bolsistas no âmbito do Programa de Desenvolvimento Científico e Tecnológico Regional – PDCTR,(Chamada Retificada),http://www.fapeg.go.gov.br/chamada-no-06-2020-selecao-de-bolsistas-no-ambito-do-programa-de-desenvolvimento-cientifico-e-tecnologico-regional-pdctr/,http://www.fapeg.go.gov.br/wp-content/uploads/2020/08/CP-PDCTR-versa%CC%83o-retificada-.pdf
Chamada Nº 06/2020 – Seleção de Bolsistas no âmbito do Programa de Desenvolvimento Científico e Tecnológico Regional – PDCTR,(Aviso de Retificação),http://www.fapeg.go.gov.br/chamada-no-06-2020-selecao-de-bolsistas-no-ambito-do-programa-de-desenvolvimento-cientifico-e-tecnologico-regional-pdctr/,http://www.fapeg.go.gov.br/wp-content/uploads/2020/08/Aviso-de-Retificac%CC%A7a%CC%83o-Ed.-06-2020-PDCTR-.pdf
Chamada Nº 06/2020 – Seleção de Bolsistas no âmbito do Programa de Desenvolvimento Científico e Tecnológico Regional – PDCTR,Resultado Preliminar – 1ª rodada de seleção,http://www.fapeg.go.gov.br/chamada-no-06-2020-selecao-de-bolsistas-no-ambito-do-programa-de-desenvolvimento-cientifico-e-tecnologico-regional-pdctr/,http://www.fapeg.go.gov.br/wp-content/uploads/2020/08/Resultado-Preliminar-PDCTR-versa%CC%83o-site-1.pdf
Chamada Nº 06/2020 – Seleção de Bolsistas no âmbito do Programa de Desenvolvimento Científico e Tecnológico Regional – PDCTR,(Resultado preliminar – 2ª rodada da seleção,http://www.fapeg.go.gov.br/chamada-no-06-2020-selecao-de-bolsistas-no-ambito-do-programa-de-desenvolvimento-cientifico-e-tecnologico-regional-pdctr/,http://www.fapeg.go.gov.br/wp-content/uploads/2020/08/Resultado-Preliminar-PDCTR-2%C2%AA-rodada-versa%CC%83o-site-.pdf
Chamada Nº 06/2020 – Seleção de Bolsistas no âmbito do Programa de Desenvolvimento Científico e Tecnológico Regional – PDCTR,Resultado Final,http://www.fapeg.go.gov.br/chamada-no-06-2020-selecao-de-bolsistas-no-ambito-do-programa-de-desenvolvimento-cientifico-e-tecnologico-regional-pdctr/,http://www.fapeg.go.gov.br/wp-content/uploads/2020/08/Resultado_Final_PDCTR_versao_final.pdf
Chamada Nº 06/2020 – Seleção de Bolsistas no âmbito do Programa de Desenvolvimento Científico e Tecnológico Regional – PDCTR,Retificação,http://www.fapeg.go.gov.br/chamada-no-06-2020-selecao-de-bolsistas-no-ambito-do-programa-de-desenvolvimento-cientifico-e-tecnologico-regional-pdctr/,http://www.fapeg.go.gov.br/wp-content/uploads/2020/08/PDCTR-Retificacao-SEI_GOVERNADORIA-000023630632-Despacho.pdf
Chamada Pública 05/2020 – 7ª Edição do PROGRAMA PESQUISA PARA O SUS: Gestão Compartilhada em Saúde – PPSUS,Chamada Pública FAPEG N 05/2020 – 7ª Edição do PROGRAMA PESQUISA PARA O SUS: Gestão Compartilhada em Saúde – PPSUS,http://www.fapeg.go.gov.br/chamada-publica-05-2020-7a-edicao-do-programa-pesquisa-para-o-sus-gestao-compartilhada-em-saude-ppsus/,http://www.fapeg.go.gov.br/wp-content/uploads/2020/08/Chamada-PPSUS-1.pdf
Chamada Pública 05/2020 – 7ª Edição do PROGRAMA PESQUISA PARA O SUS: Gestão Compartilhada em Saúde – PPSUS,Resultado Preliminar Fase III,http://www.fapeg.go.gov.br/chamada-publica-05-2020-7a-edicao-do-programa-pesquisa-para-o-sus-gestao-compartilhada-em-saude-ppsus/,http://www.fapeg.go.gov.br/wp-content/uploads/2020/08/PPSUS-Resultado-da-pre%CC%81-selec%CC%A7a%CC%83o-Comissa%CC%83o-de-Especialistas-fase-III-1-1.pdf
Chamada Pública 05/2020 – 7ª Edição do PROGRAMA PESQUISA PARA O SUS: Gestão Compartilhada em Saúde – PPSUS,Resultado Final Fase III,http://www.fapeg.go.gov.br/chamada-publica-05-2020-7a-edicao-do-programa-pesquisa-para-o-sus-gestao-compartilhada-em-saude-ppsus/,http://www.fapeg.go.gov.br/wp-content/uploads/2020/08/PPSUS-Resultado-final-fase-III-Comissa%CC%83o-de-Especialistas-1.pdf
Chamada Pública 05/2020 – 7ª Edição do PROGRAMA PESQUISA PARA O SUS: Gestão Compartilhada em Saúde – PPSUS,Cronograma de Apresentações para a Fase IV,http://www.fapeg.go.gov.br/chamada-publica-05-2020-7a-edicao-do-programa-pesquisa-para-o-sus-gestao-compartilhada-em-saude-ppsus/,http://www.fapeg.go.gov.br/wp-content/uploads/2020/08/Cronograma-de-apresentac%CC%A7o%CC%83es-CAP-PPSUS-.pdf
Chamada Pública 05/2020 – 7ª Edição do PROGRAMA PESQUISA PARA O SUS: Gestão Compartilhada em Saúde – PPSUS,Resultado Preliminar Fases IV e V,http://www.fapeg.go.gov.br/chamada-publica-05-2020-7a-edicao-do-programa-pesquisa-para-o-sus-gestao-compartilhada-em-saude-ppsus/,http://www.fapeg.go.gov.br/wp-content/uploads/2020/08/PPSUS_-_Resultado_preliminar_fases_IV_e_V_-1.pdf
Chamada Pública 05/2020 – 7ª Edição do PROGRAMA PESQUISA PARA O SUS: Gestão Compartilhada em Saúde – PPSUS,Resultado Final,http://www.fapeg.go.gov.br/chamada-publica-05-2020-7a-edicao-do-programa-pesquisa-para-o-sus-gestao-compartilhada-em-saude-ppsus/,http://www.fapeg.go.gov.br/wp-content/uploads/2020/08/PPSUS-Resultado-Final-04-05-21-1.pdf
Chamada Pública Nº 04/2020 – Seleção de profissionais para formação de Cadastro Reserva do Programa de Qualificação para Exportação – PEIEX,Chamada Pública Nº 04/2020,http://www.fapeg.go.gov.br/chamada-publica-no-04-2020-selecao-de-profissionais-para-formacao-de-cadastro-reserva-do-programa-de-qualificacao-para-exportacao-peiex/,http://www.fapeg.go.gov.br/wp-content/uploads/2020/08/Edital_Peiex_Cadastro_Reserva_Monitor.pdf
Chamada Pública Nº 04/2020 – Seleção de profissionais para formação de Cadastro Reserva do Programa de Qualificação para Exportação – PEIEX,Retificação – Cronograma,http://www.fapeg.go.gov.br/chamada-publica-no-04-2020-selecao-de-profissionais-para-formacao-de-cadastro-reserva-do-programa-de-qualificacao-para-exportacao-peiex/,http://www.fapeg.go.gov.br/wp-content/uploads/2020/08/Retificacao-CR-PEIEX.pdf
Chamada Pública Nº 04/2020 – Seleção de profissionais para formação de Cadastro Reserva do Programa de Qualificação para Exportação – PEIEX,Retificação II – Cronograma,http://www.fapeg.go.gov.br/chamada-publica-no-04-2020-selecao-de-profissionais-para-formacao-de-cadastro-reserva-do-programa-de-qualificacao-para-exportacao-peiex/,http://www.fapeg.go.gov.br/wp-content/uploads/2020/08/Retificacao-II-CR-PEIEX1.pdf
Chamada Pública Nº 04/2020 – Seleção de profissionais para formação de Cadastro Reserva do Programa de Qualificação para Exportação – PEIEX,Lista preliminar de proponentes habilitados para a entrevista,http://www.fapeg.go.gov.br/chamada-publica-no-04-2020-selecao-de-profissionais-para-formacao-de-cadastro-reserva-do-programa-de-qualificacao-para-exportacao-peiex/,http://www.fapeg.go.gov.br/wp-content/uploads/2020/08/Resultado-Preliminar-Enquadramento-CR-MONITOR.pdf
Chamada Pública Nº 04/2020 – Seleção de profissionais para formação de Cadastro Reserva do Programa de Qualificação para Exportação – PEIEX,Resultado Final – Etapa Enquadramento,http://www.fapeg.go.gov.br/chamada-publica-no-04-2020-selecao-de-profissionais-para-formacao-de-cadastro-reserva-do-programa-de-qualificacao-para-exportacao-peiex/,http://www.fapeg.go.gov.br/wp-content/uploads/2020/08/Resultado-Final-Enquadramento-CR-MONITOR-2-1.pdf
Chamada Pública Nº 04/2020 – Seleção de profissionais para formação de Cadastro Reserva do Programa de Qualificação para Exportação – PEIEX,Resultado Preliminar,http://www.fapeg.go.gov.br/chamada-publica-no-04-2020-selecao-de-profissionais-para-formacao-de-cadastro-reserva-do-programa-de-qualificacao-para-exportacao-peiex/,http://www.fapeg.go.gov.br/wp-content/uploads/2020/08/Resultado-Preliminar-CR-Peiex.pdf
Chamada Pública Nº 04/2020 – Seleção de profissionais para formação de Cadastro Reserva do Programa de Qualificação para Exportação – PEIEX,Resultado Final,http://www.fapeg.go.gov.br/chamada-publica-no-04-2020-selecao-de-profissionais-para-formacao-de-cadastro-reserva-do-programa-de-qualificacao-para-exportacao-peiex/,http://www.fapeg.go.gov.br/wp-content/uploads/2020/08/Resultado-final-CR-Monitor-PEIEx.pdf
Chamada Pública 03/2020 – Programa Governo com Ciência,Chamada Pública,http://www.fapeg.go.gov.br/chamada-publica-03-2020-programa-governo-com-ciencia/,http://www.fapeg.go.gov.br/wp-content/uploads/2020/07/Chamada_P%C3%BAblica_03-2020_-_Governo_Com_Ci%C3%AAncia.pdf
Chamada Pública 03/2020 – Programa Governo com Ciência,Retificação,http://www.fapeg.go.gov.br/chamada-publica-03-2020-programa-governo-com-ciencia/,http://www.fapeg.go.gov.br/wp-content/uploads/2020/07/Retifica%C3%A7%C3%A3o-Chamada-032020.pdf
Chamada Pública 03/2020 – Programa Governo com Ciência,Minuta Termo de Outorga Auxílio,http://www.fapeg.go.gov.br/chamada-publica-03-2020-programa-governo-com-ciencia/,http://www.fapeg.go.gov.br/wp-content/uploads/2020/07/SEI_GOVERNADORIA-000018715751-Minuta.pdf
Chamada Pública 03/2020 – Programa Governo com Ciência,Minuta Termo de Outorga Bolsa,http://www.fapeg.go.gov.br/chamada-publica-03-2020-programa-governo-com-ciencia/,http://www.fapeg.go.gov.br/wp-content/uploads/2020/07/SEI_GOVERNADORIA-000018717946-Minuta.pdf
Chamada Pública 03/2020 – Programa Governo com Ciência,Resultado Final – 1º lote,http://www.fapeg.go.gov.br/chamada-publica-03-2020-programa-governo-com-ciencia/,http://www.fapeg.go.gov.br/wp-content/uploads/2020/07/RESULTADO-FINAL-GOVERNO-COM-CIENCIA.pdf
Chamada Pública 03/2020 – Programa Governo com Ciência,(Resultado Final – 2º lote),http://www.fapeg.go.gov.br/chamada-publica-03-2020-programa-governo-com-ciencia/,http://www.fapeg.go.gov.br/wp-content/uploads/2020/07/Resultado-final-lote-2-governo-com-ciencia.pdf
Chamada Pública 03/2020 – Programa Governo com Ciência,II Retificação,http://www.fapeg.go.gov.br/chamada-publica-03-2020-programa-governo-com-ciencia/,http://www.fapeg.go.gov.br/wp-content/uploads/2020/07/CP_Governo_com_Ciencia_v.09____2__retificacao.pdf
Chamada Confap-MSCA Rise 2020,Chamada Pública,http://www.fapeg.go.gov.br/chamada-confap-msca-rise-2020/,http://www.fapeg.go.gov.br/wp-content/uploads/2020/03/CONFAP_H2020_MSCA_RISE_2020_Call.pdf
Chamada Confap-MSCA Rise 2020,Apresentação,http://www.fapeg.go.gov.br/chamada-confap-msca-rise-2020/,http://www.fapeg.go.gov.br/wp-content/uploads/2020/03/CONFAP-MSCA-RISE-2020-Presentation_.pdf
Chamada Confap-MSCA Rise 2020,Diretrizes Fapeg,http://www.fapeg.go.gov.br/chamada-confap-msca-rise-2020/,http://www.fapeg.go.gov.br/wp-content/uploads/2020/03/Suplemento_FAPEG_RISE_H2020-VF.pdf
Chamada Confap-MSCA Rise 2020,Diretrizes Fapeg – Retificação (Novo Prazo),http://www.fapeg.go.gov.br/chamada-confap-msca-rise-2020/,http://www.fapeg.go.gov.br/wp-content/uploads/2020/03/Retifica%C3%A7%C3%A3o-diretrizes.pdf
Chamada Confap-MSCA Rise 2020,Retificação – Submissão,http://www.fapeg.go.gov.br/chamada-confap-msca-rise-2020/,http://www.fapeg.go.gov.br/wp-content/uploads/2020/03/Retifica%C3%A7%C3%A3o-submiss%C3%A3o.docx.pdf
Chamada Aquatic Pollutants 2020,Call Announcement,http://www.fapeg.go.gov.br/chamada-aquatic-pollutants-2020/,http://www.fapeg.go.gov.br/wp-content/uploads/2020/03/AquaticPollutants_Call-Announcement_rev3.pdf
Chamada Aquatic Pollutants 2020,Webinar Presentation,http://www.fapeg.go.gov.br/chamada-aquatic-pollutants-2020/,http://www.fapeg.go.gov.br/wp-content/uploads/2020/03/Aquatic-Pollutants-Webinar-Presentation-.pdf
Chamada Aquatic Pollutants 2020,National Regulations,http://www.fapeg.go.gov.br/chamada-aquatic-pollutants-2020/,http://www.fapeg.go.gov.br/wp-content/uploads/2020/03/AquaticPollutants_National_Regulations_20200306.pdf
Chamada Aquatic Pollutants 2020,Diretrizes Fapeg,http://www.fapeg.go.gov.br/chamada-aquatic-pollutants-2020/,http://www.fapeg.go.gov.br/wp-content/uploads/2020/03/DIRETRIZES_FAPEG_-_EDITAL_AQUATIC_POLLUTANTS_2020-revisado.pdf
Chamada Aquatic Pollutants 2020,Diretrizes Fapeg – Retificação,http://www.fapeg.go.gov.br/chamada-aquatic-pollutants-2020/,http://www.fapeg.go.gov.br/wp-content/uploads/2020/03/DIRETRIZES-FAPEG-EDITAL-AQUATIC-POLLUTANTS-2020-v3-ret.pdf
Chamada Aquatic Pollutants 2020,Pergunta e Respostas [inglês],http://www.fapeg.go.gov.br/chamada-aquatic-pollutants-2020/,http://www.fapeg.go.gov.br/wp-content/uploads/2020/05/FAQ-AquaticPollutants-Joint-Call_20200421.pdf
Chamada Emergencial UE – Desenvolvimento de Terapêutica e Diagnóstico para Combater Infecções por Coronavírus,Chamada Pública,http://www.fapeg.go.gov.br/chamada-emergencial-ue-desenvolvimento-de-terapeutica-e-diagnostico-para-combater-infeccoes-por-coronavirus/,https://www.imi.europa.eu/sites/default/files/IMI2%20Call%2021%20Coronavirus%20-%20Call%20text_final.pdf
Chamada Emergencial UE – Desenvolvimento de Terapêutica e Diagnóstico para Combater Infecções por Coronavírus,Perguntas e Respostas,http://www.fapeg.go.gov.br/chamada-emergencial-ue-desenvolvimento-de-terapeutica-e-diagnostico-para-combater-infeccoes-por-coronavirus/,https://www.imi.europa.eu/sites/default/files/Call21_QandA_FINAL.pdf
Chamada Emergencial UE – Desenvolvimento de Terapêutica e Diagnóstico para Combater Infecções por Coronavírus,Diretrizes Fapeg,http://www.fapeg.go.gov.br/chamada-emergencial-ue-desenvolvimento-de-terapeutica-e-diagnostico-para-combater-infeccoes-por-coronavirus/,http://www.fapeg.go.gov.br/wp-content/uploads/2020/03/DIRETRIZES-FAPEG-EDITAL-P%5E0D-CORONAV.pdf
Chamada Pública Nº 01/2020 – CONFAP CNPQ UK Academies 2019-2020,Chamada Pública,http://www.fapeg.go.gov.br/chamada-publica-01-2020-confap-cnpq-uk-academies-2019-2020/,http://www.fapeg.go.gov.br/wp-content/uploads/2020/01/CONFAP-THE-UK-ACADEMIES-2019.pdf.pdf
Chamada Pública Nº 01/2020 – CONFAP CNPQ UK Academies 2019-2020,Diretrizes para Proponentes do Estado de Goiás,http://www.fapeg.go.gov.br/chamada-publica-01-2020-confap-cnpq-uk-academies-2019-2020/,http://www.fapeg.go.gov.br/wp-content/uploads/2020/01/CP-UK-ACADEMIES-2019-20.pdf
Chamada Pública Nº 01/2020 – CONFAP CNPQ UK Academies 2019-2020,Súmula Curricular,http://www.fapeg.go.gov.br/chamada-publica-01-2020-confap-cnpq-uk-academies-2019-2020/,http://www.fapeg.go.gov.br/wp-content/uploads/2020/01/S%C3%BAmula-Curricular.pdf.pdf
Chamada Pública Nº 01/2020 – CONFAP CNPQ UK Academies 2019-2020,Curricular Summary,http://www.fapeg.go.gov.br/chamada-publica-01-2020-confap-cnpq-uk-academies-2019-2020/,http://www.fapeg.go.gov.br/wp-content/uploads/2020/01/Curricular-Summary.pdf.pdf
Chamada Pública Nº 01/2020 – CONFAP CNPQ UK Academies 2019-2020,Retificação nº 1 – Prorrogação de Prazo,http://www.fapeg.go.gov.br/chamada-publica-01-2020-confap-cnpq-uk-academies-2019-2020/,http://www.fapeg.go.gov.br/wp-content/uploads/2020/01/CONFAP-CNPq-THE-UK-ACADEMIES-2019-RETIFICAC%CC%A7A%CC%83O-N%C2%BA1.pdf
Chamada Pública Nº 01/2020 – CONFAP CNPQ UK Academies 2019-2020,Resultado Final,http://www.fapeg.go.gov.br/chamada-publica-01-2020-confap-cnpq-uk-academies-2019-2020/,http://www.fapeg.go.gov.br/wp-content/uploads/2020/11/CONFAP-CNPq-UK-Academies-2019_-AN%C3%9ANCIO-DE-RESULTADO-1.pdf
Chamada Pública Nº 02 /2020 – Seleção de Bolsistas para Atuação no Programa de Qualificação para Exportação PEIEX,Chamada Pública,http://www.fapeg.go.gov.br/chamada-publica-no-02-2020-selecao-de-bolsistas-para-atuacao-no-programa-de-qualificacao-para-exportacao-peiex/,http://www.fapeg.go.gov.br/wp-content/uploads/2020/01/Minuta-de-edital-Peiex-17.01.20-FINALIZADO-3.pdf
Chamada Pública Nº 02 /2020 – Seleção de Bolsistas para Atuação no Programa de Qualificação para Exportação PEIEX,Retificação – Prorrogação de prazo,http://www.fapeg.go.gov.br/chamada-publica-no-02-2020-selecao-de-bolsistas-para-atuacao-no-programa-de-qualificacao-para-exportacao-peiex/,http://www.fapeg.go.gov.br/wp-content/uploads/2020/01/PEIEX-Retifica%C3%A7%C3%A3o.pdf
Chamada Pública Nº 02 /2020 – Seleção de Bolsistas para Atuação no Programa de Qualificação para Exportação PEIEX,Lista Preliminar de Proponentes Aprovados para Entrevista,http://www.fapeg.go.gov.br/chamada-publica-no-02-2020-selecao-de-bolsistas-para-atuacao-no-programa-de-qualificacao-para-exportacao-peiex/,http://www.fapeg.go.gov.br/wp-content/uploads/2020/03/Lista-preliminar-de-proponentes-habilitados-para-a-entrevista.pdf
Chamada Pública Nº 02 /2020 – Seleção de Bolsistas para Atuação no Programa de Qualificação para Exportação PEIEX,Lista Final de Proponentes Aprovados para Entrevista,http://www.fapeg.go.gov.br/chamada-publica-no-02-2020-selecao-de-bolsistas-para-atuacao-no-programa-de-qualificacao-para-exportacao-peiex/,http://www.fapeg.go.gov.br/wp-content/uploads/2020/03/Lista-final-de-proponentes-habilitados-para-a-entrevista.pdf
Chamada Pública Nº 02 /2020 – Seleção de Bolsistas para Atuação no Programa de Qualificação para Exportação PEIEX,Cronograma de Entrevistas,http://www.fapeg.go.gov.br/chamada-publica-no-02-2020-selecao-de-bolsistas-para-atuacao-no-programa-de-qualificacao-para-exportacao-peiex/,http://www.fapeg.go.gov.br/wp-content/uploads/2020/03/Cronograma-entrevistas-PEIEX.pdf
Chamada Pública Nº 02 /2020 – Seleção de Bolsistas para Atuação no Programa de Qualificação para Exportação PEIEX,Resultado Preliminar,http://www.fapeg.go.gov.br/chamada-publica-no-02-2020-selecao-de-bolsistas-para-atuacao-no-programa-de-qualificacao-para-exportacao-peiex/,http://www.fapeg.go.gov.br/wp-content/uploads/2020/04/Resultado-Preliminar.pdf
Chamada Pública Nº 02 /2020 – Seleção de Bolsistas para Atuação no Programa de Qualificação para Exportação PEIEX,Resultado Final,http://www.fapeg.go.gov.br/chamada-publica-no-02-2020-selecao-de-bolsistas-para-atuacao-no-programa-de-qualificacao-para-exportacao-peiex/,http://www.fapeg.go.gov.br/wp-content/uploads/2020/04/Resultado-Final-Peiex.pdf
Chamada Pública Nº 02 /2020 – Seleção de Bolsistas para Atuação no Programa de Qualificação para Exportação PEIEX,Resultado Final – retificação,http://www.fapeg.go.gov.br/chamada-publica-no-02-2020-selecao-de-bolsistas-para-atuacao-no-programa-de-qualificacao-para-exportacao-peiex/,http://www.fapeg.go.gov.br/wp-content/uploads/2020/01/Resultado-Final-Retifica%C3%A7%C3%A3o-Monitor.pdf
Chamada Pública N° 07/2019 – Tecnova II,Chamada Pública,http://www.fapeg.go.gov.br/edital-07-2019-tecnova-ii/,http://www.fapeg.go.gov.br/wp-content/uploads/2019/12/Edital_TECNOVA_18.12.19.pdf
Chamada Pública N° 07/2019 – Tecnova II,Retificação,http://www.fapeg.go.gov.br/edital-07-2019-tecnova-ii/,http://www.fapeg.go.gov.br/wp-content/uploads/2019/12/RETIFICA%C3%87%C3%83O.pdf
Chamada Pública N° 07/2019 – Tecnova II,Retificação II – Prorrogação do prazo de submissão,http://www.fapeg.go.gov.br/edital-07-2019-tecnova-ii/,http://www.fapeg.go.gov.br/wp-content/uploads/2019/12/Prorroga%C3%A7%C3%A3o-Tecnova-II.pdf
Chamada Pública N° 07/2019 – Tecnova II,Resultado Preliminar – Requisitos Formais,http://www.fapeg.go.gov.br/edital-07-2019-tecnova-ii/,http://www.fapeg.go.gov.br/wp-content/uploads/2019/12/Resultado-Preliminar-Tecnova-II-Requisitos-Formais.pdf
Chamada Pública N° 07/2019 – Tecnova II,Resultado Final – Requisitos Formais,http://www.fapeg.go.gov.br/edital-07-2019-tecnova-ii/,http://www.fapeg.go.gov.br/wp-content/uploads/2019/12/Resultado-Final-Requisitos-Formais.pdf
Chamada Pública N° 07/2019 – Tecnova II,Resultado Preliminar – Análise de Mérito,http://www.fapeg.go.gov.br/edital-07-2019-tecnova-ii/,http://www.fapeg.go.gov.br/wp-content/uploads/2019/12/Resultado-Preliminar-An%C3%A1lise-de-M%C3%A9rito.pdf
Chamada Pública N° 07/2019 – Tecnova II,Retificação III,http://www.fapeg.go.gov.br/edital-07-2019-tecnova-ii/,http://www.fapeg.go.gov.br/wp-content/uploads/2019/12/Retifica%C3%A7%C3%A3o-III-TECNOVA-II.pdf
Chamada Pública N° 07/2019 – Tecnova II,Retificação IV,http://www.fapeg.go.gov.br/edital-07-2019-tecnova-ii/,http://www.fapeg.go.gov.br/wp-content/uploads/2019/12/RETIFICA%C3%87%C3%83O-IV-TECNOVA-II.pdf
Chamada Pública N° 07/2019 – Tecnova II,Resultado Final,http://www.fapeg.go.gov.br/edital-07-2019-tecnova-ii/,http://www.fapeg.go.gov.br/wp-content/uploads/2020/07/Resultado_FINAL_TecnovaII.pdf
Chamada Pública N° 07/2019 – Tecnova II,Retificação V,http://www.fapeg.go.gov.br/edital-07-2019-tecnova-ii/,http://www.fapeg.go.gov.br/wp-content/uploads/2019/12/Retificacao_V_TECNOVA_II.pdf
Chamada Pública N° 07/2019 – Tecnova II,Convocação de Suplentes,http://www.fapeg.go.gov.br/edital-07-2019-tecnova-ii/,http://www.fapeg.go.gov.br/wp-content/uploads/2019/12/Convoca%C3%A7%C3%A3o-Suplentes-TECNOVA-II.pdf
Chamada Pública N° 06/2019 – Apoio à Estruturação e Consolidação das Incubadoras de Empresas do Estado de Goiás,Chamada Pública,http://www.fapeg.go.gov.br/chamada-publica-n-06-2019-apoio-a-estruturacao-e-consolidacao-das-incubadoras-de-empresas-do-estado-de-goias/,http://www.fapeg.go.gov.br/wp-content/uploads/2019/12/CHAMADA-P%C3%9ABLICA-06-2019.pdf
Chamada Pública N° 06/2019 – Apoio à Estruturação e Consolidação das Incubadoras de Empresas do Estado de Goiás,Retificação,http://www.fapeg.go.gov.br/chamada-publica-n-06-2019-apoio-a-estruturacao-e-consolidacao-das-incubadoras-de-empresas-do-estado-de-goias/,http://www.fapeg.go.gov.br/wp-content/uploads/2019/12/Incubadoras-RETIFICA%C3%87%C3%83O.pdf
Chamada Pública N° 06/2019 – Apoio à Estruturação e Consolidação das Incubadoras de Empresas do Estado de Goiás,Segunda Retificação,http://www.fapeg.go.gov.br/chamada-publica-n-06-2019-apoio-a-estruturacao-e-consolidacao-das-incubadoras-de-empresas-do-estado-de-goias/,http://www.fapeg.go.gov.br/wp-content/uploads/2019/12/Retifica%C3%A7%C3%A3o-edital-incubadoras-v04.pdf
Chamada Pública N° 06/2019 – Apoio à Estruturação e Consolidação das Incubadoras de Empresas do Estado de Goiás,Terceira Retificação,http://www.fapeg.go.gov.br/chamada-publica-n-06-2019-apoio-a-estruturacao-e-consolidacao-das-incubadoras-de-empresas-do-estado-de-goias/,http://www.fapeg.go.gov.br/wp-content/uploads/2019/12/Terceira-Retifica%C3%A7%C3%A3o-06-2019.pdf
Chamada Pública N° 06/2019 – Apoio à Estruturação e Consolidação das Incubadoras de Empresas do Estado de Goiás,Quarta Retificação,http://www.fapeg.go.gov.br/chamada-publica-n-06-2019-apoio-a-estruturacao-e-consolidacao-das-incubadoras-de-empresas-do-estado-de-goias/,http://www.fapeg.go.gov.br/wp-content/uploads/2019/12/Quarta-Retifica%C3%A7%C3%A3o.pdf
Chamada Pública N° 06/2019 – Apoio à Estruturação e Consolidação das Incubadoras de Empresas do Estado de Goiás,Quinta Retificação,http://www.fapeg.go.gov.br/chamada-publica-n-06-2019-apoio-a-estruturacao-e-consolidacao-das-incubadoras-de-empresas-do-estado-de-goias/,http://www.fapeg.go.gov.br/wp-content/uploads/2019/12/Quinta-Retifica%C3%A7%C3%A3o-1.pdf
Chamada Pública N° 06/2019 – Apoio à Estruturação e Consolidação das Incubadoras de Empresas do Estado de Goiás,Resultado Preliminar – Etapa Enquadramento,http://www.fapeg.go.gov.br/chamada-publica-n-06-2019-apoio-a-estruturacao-e-consolidacao-das-incubadoras-de-empresas-do-estado-de-goias/,http://www.fapeg.go.gov.br/wp-content/uploads/2019/12/Resultado-Preliminar-Enquadramento-1.pdf
Chamada Pública N° 06/2019 – Apoio à Estruturação e Consolidação das Incubadoras de Empresas do Estado de Goiás,Resultado Final – Etapa Enquadramento,http://www.fapeg.go.gov.br/chamada-publica-n-06-2019-apoio-a-estruturacao-e-consolidacao-das-incubadoras-de-empresas-do-estado-de-goias/,http://www.fapeg.go.gov.br/wp-content/uploads/2019/12/Resultado-final-Enquadramento.pdf
Chamada Pública N° 06/2019 – Apoio à Estruturação e Consolidação das Incubadoras de Empresas do Estado de Goiás,Sexta Retificação,http://www.fapeg.go.gov.br/chamada-publica-n-06-2019-apoio-a-estruturacao-e-consolidacao-das-incubadoras-de-empresas-do-estado-de-goias/,http://www.fapeg.go.gov.br/wp-content/uploads/2019/12/Sexta-Retifica%C3%A7%C3%A3o1.pdf
Chamada Pública N° 06/2019 – Apoio à Estruturação e Consolidação das Incubadoras de Empresas do Estado de Goiás,Resultado Preliminar – Etapa de Mérito,http://www.fapeg.go.gov.br/chamada-publica-n-06-2019-apoio-a-estruturacao-e-consolidacao-das-incubadoras-de-empresas-do-estado-de-goias/,http://www.fapeg.go.gov.br/wp-content/uploads/2019/12/Resultado-Preliminar-M%C3%A9rito.pdf
Chamada Pública N° 06/2019 – Apoio à Estruturação e Consolidação das Incubadoras de Empresas do Estado de Goiás,Resultado Final,http://www.fapeg.go.gov.br/chamada-publica-n-06-2019-apoio-a-estruturacao-e-consolidacao-das-incubadoras-de-empresas-do-estado-de-goias/,http://www.fapeg.go.gov.br/wp-content/uploads/2019/12/Resultado-Final-2.pdf
Chamada Pública N° 06/2019 – Apoio à Estruturação e Consolidação das Incubadoras de Empresas do Estado de Goiás,Sétima Retificação,http://www.fapeg.go.gov.br/chamada-publica-n-06-2019-apoio-a-estruturacao-e-consolidacao-das-incubadoras-de-empresas-do-estado-de-goias/,http://www.fapeg.go.gov.br/wp-content/uploads/2019/12/S%C3%A9tima-Retifica%C3%A7%C3%A3o.pdf
Chamada Pública N° 06/2019 – Apoio à Estruturação e Consolidação das Incubadoras de Empresas do Estado de Goiás,Oitava Retificação,http://www.fapeg.go.gov.br/chamada-publica-n-06-2019-apoio-a-estruturacao-e-consolidacao-das-incubadoras-de-empresas-do-estado-de-goias/,http://www.fapeg.go.gov.br/wp-content/uploads/2019/12/SEI_GOVERNADORIA-000018606276-Despacho.pdf
Chamada Pública Confap-Maeci,Resultado Final,http://www.fapeg.go.gov.br/chamada-publica-confap-maeci/,http://www.fapeg.go.gov.br/wp-content/uploads/2019/12/RESULTADO-FINAL-CHAMADA-CONFAP-MAECI.pdf
Chamada Pública Confap-Maeci,Chamada Pública Confap-Maeci,http://www.fapeg.go.gov.br/chamada-publica-confap-maeci/,http://www.fapeg.go.gov.br/wp-content/uploads/2019/11/Chamada-P%C3%BAblica-Confap-Maeci.pdf
Chamada Pública Confap-Maeci,(,http://www.fapeg.go.gov.br/chamada-publica-confap-maeci/,http://www.fapeg.go.gov.br/wp-content/uploads/2019/12/Diretrizes-Fapeg-1.pdf
DAAD 2019 – Programa de Auxílio para Doutorandos (Brasil-Alemanha),Chamada Pública,http://www.fapeg.go.gov.br/daad-2019-programa-de-auxilio-para-doutorandos-brasil-alemanha/,http://www.fapeg.go.gov.br/wp-content/uploads/2019/11/INFOSHEET_Auxilio-Stand-2019-10.pdf
FameLab 2020,Chamada Pública,http://www.fapeg.go.gov.br/famelab-2019/,https://www.britishcouncil.org.br/sites/default/files/edital_final_famelab_2020_06_11_2109_v02.pdf
FameLab 2020,Prorrogação das Inscrições,http://www.fapeg.go.gov.br/famelab-2019/,http://www.fapeg.go.gov.br/wp-content/uploads/2019/10/RETIFICA%C3%87%C3%83O-N%C2%BA2_EDITAL-FINAL-FAMELAB-2020-30-01-2020.pdf
FameLab 2020,Resultado Semifinalistas,http://www.fapeg.go.gov.br/famelab-2019/,http://www.fapeg.go.gov.br/wp-content/uploads/2019/10/Famelab-2020-An%C3%BAncio-do-Resultado-Semifinalista-Retifica%C3%A7%C3%A3o.pdf
Chamada Pública 05/2019 – Projetos de Fortalecimento de Competências Fapeg / Embrapii,Chamada Pública,http://www.fapeg.go.gov.br/chamada-publica-05-2019-projetos-de-fortalecimento-de-competencias-fapeg-embrapii/,http://www.fapeg.go.gov.br/wp-content/uploads/2019/10/Chamada_EMBRAPII_2019.pdf
Chamada Pública 05/2019 – Projetos de Fortalecimento de Competências Fapeg / Embrapii,Ata de Julgamento,http://www.fapeg.go.gov.br/chamada-publica-05-2019-projetos-de-fortalecimento-de-competencias-fapeg-embrapii/,http://www.fapeg.go.gov.br/wp-content/uploads/2019/11/SEI_GOVERNADORIA-9779133-Ata.pdf
CHAMADA PÚBLICA FAPEG N° 04/2019 – AUXÍLIO À PESQUISA COLABORATIVA FAPEG-FAPESP,Chamada Pública,http://www.fapeg.go.gov.br/wp-content-uploads-2019-09-fapeg_fapesp_final_corrigido-pdf/,http://www.fapeg.go.gov.br/wp-content/uploads/2019/09/FAPEG_FAPESP_minuta_fapeg20190911_sg20190910-V3.pdf
CHAMADA PÚBLICA FAPEG N° 04/2019 – AUXÍLIO À PESQUISA COLABORATIVA FAPEG-FAPESP,Instruções consultor,http://www.fapeg.go.gov.br/wp-content-uploads-2019-09-fapeg_fapesp_final_corrigido-pdf/,http://www.fapeg.go.gov.br/wp-content/uploads/2019/09/Tutorial-consultores-ad-hoc.pdf
CHAMADA PÚBLICA FAPEG N° 04/2019 – AUXÍLIO À PESQUISA COLABORATIVA FAPEG-FAPESP,Formulário consultor,http://www.fapeg.go.gov.br/wp-content-uploads-2019-09-fapeg_fapesp_final_corrigido-pdf/,http://www.fapeg.go.gov.br/wp-content/uploads/2019/09/formula%CC%81rio-parecer-ad-hoc-chamada-FAPEG-FAPESP-versa%CC%83o-final-EDITA%CC%81VEL.pdf
CHAMADA PÚBLICA FAPEG N° 04/2019 – AUXÍLIO À PESQUISA COLABORATIVA FAPEG-FAPESP,Retificação,http://www.fapeg.go.gov.br/wp-content-uploads-2019-09-fapeg_fapesp_final_corrigido-pdf/,http://www.fapeg.go.gov.br/wp-content/uploads/2019/09/Retificac%CC%A7a%CC%83o-edital-FINAL.pdf
CHAMADA PÚBLICA FAPEG N° 04/2019 – AUXÍLIO À PESQUISA COLABORATIVA FAPEG-FAPESP,Resultado Preliminar,http://www.fapeg.go.gov.br/wp-content-uploads-2019-09-fapeg_fapesp_final_corrigido-pdf/,http://www.fapeg.go.gov.br/wp-content/uploads/2019/09/Comunicac%CC%A7a%CC%83o-Resultado-preliminar-1.pdf
CHAMADA PÚBLICA FAPEG N° 04/2019 – AUXÍLIO À PESQUISA COLABORATIVA FAPEG-FAPESP,Resultado Final,http://www.fapeg.go.gov.br/wp-content-uploads-2019-09-fapeg_fapesp_final_corrigido-pdf/,http://www.fapeg.go.gov.br/wp-content/uploads/2019/09/Publicac%CC%A7a%CC%83o-RESULTADO_FINAL_FAPEG-FAPESP_-1.pdf
CHAMADA PÚBLICA FAPEG N° 04/2019 – AUXÍLIO À PESQUISA COLABORATIVA FAPEG-FAPESP,Retificação,http://www.fapeg.go.gov.br/wp-content-uploads-2019-09-fapeg_fapesp_final_corrigido-pdf/,http://www.fapeg.go.gov.br/wp-content/uploads/2019/09/Retificacao_FAPEG_FAPESP.pdf
CHAMADA PÚBLICA FAPEG N° 04/2019 – AUXÍLIO À PESQUISA COLABORATIVA FAPEG-FAPESP,Retificação – Resultado Final,http://www.fapeg.go.gov.br/wp-content-uploads-2019-09-fapeg_fapesp_final_corrigido-pdf/,http://www.fapeg.go.gov.br/wp-content/uploads/2019/09/Retifica%C3%A7%C3%A3o_resultado_FAPEG-FAPESP.pdf
CHAMADA PÚBLICA FAPEG N° 04/2019 – AUXÍLIO À PESQUISA COLABORATIVA FAPEG-FAPESP,Convocação Cadastro de Reserva,http://www.fapeg.go.gov.br/wp-content-uploads-2019-09-fapeg_fapesp_final_corrigido-pdf/,http://www.fapeg.go.gov.br/wp-content/uploads/2019/09/Publicac%CC%A7a%CC%83o-RESULTADO_CADASTRO_RESERVA1.pdf
Chamada Confap-BiodivERsA: 2019-2020,(Resumo do Edital Confap-BiodivERsA: 2019-2020),http://www.fapeg.go.gov.br/chamada-confap-biodiversa-2019-2020/,http://www.fapeg.go.gov.br/wp-content/uploads/2019/09/RESUMO-EDITAL-BIODIVERSA-2019.pdf
Chamada Confap-BiodivERsA: 2019-2020,(Diretrizes Fapeg),http://www.fapeg.go.gov.br/chamada-confap-biodiversa-2019-2020/,http://www.fapeg.go.gov.br/wp-content/uploads/2019/09/DIRETRIZES-FAPEG-EDITAL-BIODIVERSA-v2.pdf
Chamada Pública nº 03/2019 – Programa Nacional de Apoio à Geração de Empreendimentos Inovadores – Programa Centelha,Chamada Pública,http://www.fapeg.go.gov.br/chamada-publica-no-03-2019-programa-nacional-de-apoio-a-geracao-de-empreendimentos-inovadores-programa-centelha/,http://programacentelha.com.br/wp-content/uploads/2019/09/Edital-Centelha-12.9.19-Vers%C3%A3o-retificada.pdf
Chamada Pública nº 03/2019 – Programa Nacional de Apoio à Geração de Empreendimentos Inovadores – Programa Centelha,Retificação 01 – Alteração no Cronograma,http://www.fapeg.go.gov.br/chamada-publica-no-03-2019-programa-nacional-de-apoio-a-geracao-de-empreendimentos-inovadores-programa-centelha/,http://www.fapeg.go.gov.br/wp-content/uploads/2019/09/Edital-Centelha-05.11.19-Novo-Cronograma.pdf
Chamada Pública nº 03/2019 – Programa Nacional de Apoio à Geração de Empreendimentos Inovadores – Programa Centelha,Comunicado,http://www.fapeg.go.gov.br/chamada-publica-no-03-2019-programa-nacional-de-apoio-a-geracao-de-empreendimentos-inovadores-programa-centelha/,http://www.fapeg.go.gov.br/wp-content/uploads/2019/09/Comunicado.docx-3.pdf
Chamada Pública nº 03/2019 – Programa Nacional de Apoio à Geração de Empreendimentos Inovadores – Programa Centelha,Resultado Final – Fase 1,http://www.fapeg.go.gov.br/chamada-publica-no-03-2019-programa-nacional-de-apoio-a-geracao-de-empreendimentos-inovadores-programa-centelha/,http://www.fapeg.go.gov.br/wp-content/uploads/2019/09/LISTA-FINAL-DAS-IDEIAS-APROVADAS-PARA-A-FASE-II-DO-PROGRAMA-CENTELHA-GOI%C3%81S-1.pdf
Chamada Pública nº 03/2019 – Programa Nacional de Apoio à Geração de Empreendimentos Inovadores – Programa Centelha,Retificação 02 – Alteração no Cronograma,http://www.fapeg.go.gov.br/chamada-publica-no-03-2019-programa-nacional-de-apoio-a-geracao-de-empreendimentos-inovadores-programa-centelha/,http://www.fapeg.go.gov.br/wp-content/uploads/2019/09/Cronograma-29.11-1.pdf
Chamada Pública nº 03/2019 – Programa Nacional de Apoio à Geração de Empreendimentos Inovadores – Programa Centelha,Resultado Preliminar – Fase 2,http://www.fapeg.go.gov.br/chamada-publica-no-03-2019-programa-nacional-de-apoio-a-geracao-de-empreendimentos-inovadores-programa-centelha/,http://www.fapeg.go.gov.br/wp-content/uploads/2020/02/Lista-preliminar-de-Aprovados-Fase-2-Centelha-Goi%C3%A1s.pdf
Chamada Pública nº 03/2019 – Programa Nacional de Apoio à Geração de Empreendimentos Inovadores – Programa Centelha,Resultado Final – Fase 2,http://www.fapeg.go.gov.br/chamada-publica-no-03-2019-programa-nacional-de-apoio-a-geracao-de-empreendimentos-inovadores-programa-centelha/,http://www.fapeg.go.gov.br/wp-content/uploads/2019/09/Resultado-Final-Fase-2.pdf
Chamada Pública nº 03/2019 – Programa Nacional de Apoio à Geração de Empreendimentos Inovadores – Programa Centelha,Retificação 03 – Alteração no Cronograma,http://www.fapeg.go.gov.br/chamada-publica-no-03-2019-programa-nacional-de-apoio-a-geracao-de-empreendimentos-inovadores-programa-centelha/,http://www.fapeg.go.gov.br/wp-content/uploads/2019/09/GO-Edital-prorroga-.pdf
Chamada Pública nº 03/2019 – Programa Nacional de Apoio à Geração de Empreendimentos Inovadores – Programa Centelha,Cronograma Alterado,http://www.fapeg.go.gov.br/chamada-publica-no-03-2019-programa-nacional-de-apoio-a-geracao-de-empreendimentos-inovadores-programa-centelha/,http://www.fapeg.go.gov.br/wp-content/uploads/2019/09/GO-Cronograma-prorroga.pdf
Chamada Pública nº 03/2019 – Programa Nacional de Apoio à Geração de Empreendimentos Inovadores – Programa Centelha,Resultado Preliminar – Fase 3,http://www.fapeg.go.gov.br/chamada-publica-no-03-2019-programa-nacional-de-apoio-a-geracao-de-empreendimentos-inovadores-programa-centelha/,http://www.fapeg.go.gov.br/wp-content/uploads/2019/09/Lista-Preliminar-Aprovados-F3.pdf
Chamada Pública nº 03/2019 – Programa Nacional de Apoio à Geração de Empreendimentos Inovadores – Programa Centelha,Resultado Final – Fase 3,http://www.fapeg.go.gov.br/chamada-publica-no-03-2019-programa-nacional-de-apoio-a-geracao-de-empreendimentos-inovadores-programa-centelha/,http://www.fapeg.go.gov.br/wp-content/uploads/2020/05/Lista-Final-Aprovados-F3.pdf
Chamada Pública nº 03/2019 – Programa Nacional de Apoio à Geração de Empreendimentos Inovadores – Programa Centelha,Dúvidas Frequentes – Contratação e Prestação de Contas,http://www.fapeg.go.gov.br/chamada-publica-no-03-2019-programa-nacional-de-apoio-a-geracao-de-empreendimentos-inovadores-programa-centelha/,http://www.fapeg.go.gov.br/wp-content/uploads/2019/09/FAQ_-_Contrata%C3%A7%C3%A3o_e_Presta%C3%A7%C3%A3o_de_Contas_do_Centelha_-_FINAL.pdf
Chamada Pública nº 03/2019 – Programa Nacional de Apoio à Geração de Empreendimentos Inovadores – Programa Centelha,Retificação 04 – Alteração no Cronograma,http://www.fapeg.go.gov.br/chamada-publica-no-03-2019-programa-nacional-de-apoio-a-geracao-de-empreendimentos-inovadores-programa-centelha/,http://www.fapeg.go.gov.br/wp-content/uploads/2019/09/GO-Edital-contratacao.pdf
Chamada Pública nº 03/2019 – Programa Nacional de Apoio à Geração de Empreendimentos Inovadores – Programa Centelha,Retificação 05 – Alteração no Cronograma,http://www.fapeg.go.gov.br/chamada-publica-no-03-2019-programa-nacional-de-apoio-a-geracao-de-empreendimentos-inovadores-programa-centelha/,http://www.fapeg.go.gov.br/wp-content/uploads/2019/09/Cronograma-contratacao-2.pdf
Chamada Pública nº 03/2019 – Programa Nacional de Apoio à Geração de Empreendimentos Inovadores – Programa Centelha,Lista de Suplentes,http://www.fapeg.go.gov.br/chamada-publica-no-03-2019-programa-nacional-de-apoio-a-geracao-de-empreendimentos-inovadores-programa-centelha/,http://www.fapeg.go.gov.br/wp-content/uploads/2019/09/1%C2%BA-Lista-Suplentes.pdf
Chamada Pública nº 03/2019 – Programa Nacional de Apoio à Geração de Empreendimentos Inovadores – Programa Centelha,(Novo cronograma),http://www.fapeg.go.gov.br/chamada-publica-no-03-2019-programa-nacional-de-apoio-a-geracao-de-empreendimentos-inovadores-programa-centelha/,http://www.fapeg.go.gov.br/wp-content/uploads/2019/09/Cronograma-contratacao-3.pdf
Chamada Pública nº 03/2019 – Programa Nacional de Apoio à Geração de Empreendimentos Inovadores – Programa Centelha,Segunda Lista de Suplentes,http://www.fapeg.go.gov.br/chamada-publica-no-03-2019-programa-nacional-de-apoio-a-geracao-de-empreendimentos-inovadores-programa-centelha/,http://www.fapeg.go.gov.br/wp-content/uploads/2019/09/2__Lista_Suplentes.pdf
Chamada Pública nº 03/2019 – Programa Nacional de Apoio à Geração de Empreendimentos Inovadores – Programa Centelha,Novo cronograma,http://www.fapeg.go.gov.br/chamada-publica-no-03-2019-programa-nacional-de-apoio-a-geracao-de-empreendimentos-inovadores-programa-centelha/,http://www.fapeg.go.gov.br/wp-content/uploads/2019/09/Cronograma-contratacao-4.pdf
Chamada Pública nº 03/2019 – Programa Nacional de Apoio à Geração de Empreendimentos Inovadores – Programa Centelha,(Terceira Lista de Suplentes),http://www.fapeg.go.gov.br/chamada-publica-no-03-2019-programa-nacional-de-apoio-a-geracao-de-empreendimentos-inovadores-programa-centelha/,http://www.fapeg.go.gov.br/wp-content/uploads/2019/09/3_lista_de_suplentes.pdf
Chamada Pública nº 03/2019 – Programa Nacional de Apoio à Geração de Empreendimentos Inovadores – Programa Centelha,Novo cronograma,http://www.fapeg.go.gov.br/chamada-publica-no-03-2019-programa-nacional-de-apoio-a-geracao-de-empreendimentos-inovadores-programa-centelha/,http://www.fapeg.go.gov.br/wp-content/uploads/2019/09/Cronograma-contratacao-6.pdf
Chamada Pública nº 03/2019 – Programa Nacional de Apoio à Geração de Empreendimentos Inovadores – Programa Centelha,Quarta Lista de Suplentes,http://www.fapeg.go.gov.br/chamada-publica-no-03-2019-programa-nacional-de-apoio-a-geracao-de-empreendimentos-inovadores-programa-centelha/,http://www.fapeg.go.gov.br/wp-content/uploads/2019/09/4%C2%AA_lista_de_suplentes.pdf
MOBILITY CONFAP ITALY CALL – MCI 2019,(Chamada Pública),http://www.fapeg.go.gov.br/mobility-confap-italy-call-mci-2019/,http://www.fapeg.go.gov.br/wp-content/uploads/2019/08/Confap-Italy-Call-2019-2-5.pdf
MOBILITY CONFAP ITALY CALL – MCI 2019,(Diretrizes),http://www.fapeg.go.gov.br/mobility-confap-italy-call-mci-2019/,http://www.fapeg.go.gov.br/wp-content/uploads/2019/08/DIRETRIZES-ITALIA-2019.pdf
MOBILITY CONFAP ITALY CALL – MCI 2019,(Proficiência de Língua Estrangeira),http://www.fapeg.go.gov.br/mobility-confap-italy-call-mci-2019/,http://www.fapeg.go.gov.br/wp-content/uploads/2019/10/Diretrizes-para-Profici%C3%AAncia-de-L%C3%ADngua.pdf
MOBILITY CONFAP ITALY CALL – MCI 2019,Comunicado,http://www.fapeg.go.gov.br/mobility-confap-italy-call-mci-2019/,http://www.fapeg.go.gov.br/wp-content/uploads/2019/12/Comunicado.pdf
MOBILITY CONFAP ITALY CALL – MCI 2019,Resultado Final,http://www.fapeg.go.gov.br/mobility-confap-italy-call-mci-2019/,http://www.fapeg.go.gov.br/wp-content/uploads/2019/08/MOBILITY-CONFAP-ITALY-MCI-2019-RESULTADO-FINAL-RETIFICA%C3%87%C3%83O-.pdf
"Chamada Pública Fapeg n° 02/2019 – Apoio à realização de eventos científicos, tecnológicos e de inovação no Estado de Goiás",Chamada Pública 02/2019,http://www.fapeg.go.gov.br/chamada-publica-fapeg-n-02-2019-apoio-a-realizac%cc%a7a%cc%83o-de-eventos-cientificos-tecnologicos-e-de-inovac%cc%a7a%cc%83o-no-estado-de-goias/,http://www.fapeg.go.gov.br/wp-content/uploads/2019/06/Chamada-02-2019-Realizac%CC%A7a%CC%83o-de-Eventos.pdf
"Chamada Pública Fapeg n° 02/2019 – Apoio à realização de eventos científicos, tecnológicos e de inovação no Estado de Goiás",Retificação),http://www.fapeg.go.gov.br/chamada-publica-fapeg-n-02-2019-apoio-a-realizac%cc%a7a%cc%83o-de-eventos-cientificos-tecnologicos-e-de-inovac%cc%a7a%cc%83o-no-estado-de-goias/,http://www.fapeg.go.gov.br/wp-content/uploads/2019/06/Retifica%C3%A7%C3%A3o-Chamada-02-2019.pdf
"Chamada Pública Fapeg n° 02/2019 – Apoio à realização de eventos científicos, tecnológicos e de inovação no Estado de Goiás",Resultado Preliminar – Setembro e Outubro,http://www.fapeg.go.gov.br/chamada-publica-fapeg-n-02-2019-apoio-a-realizac%cc%a7a%cc%83o-de-eventos-cientificos-tecnologicos-e-de-inovac%cc%a7a%cc%83o-no-estado-de-goias/,http://www.fapeg.go.gov.br/wp-content/uploads/2019/08/CP-02-2019-SETEMBRO-E-OUTUBRO.pdf
"Chamada Pública Fapeg n° 02/2019 – Apoio à realização de eventos científicos, tecnológicos e de inovação no Estado de Goiás",Resultado final – Setembro e Outubro,http://www.fapeg.go.gov.br/chamada-publica-fapeg-n-02-2019-apoio-a-realizac%cc%a7a%cc%83o-de-eventos-cientificos-tecnologicos-e-de-inovac%cc%a7a%cc%83o-no-estado-de-goias/,http://www.fapeg.go.gov.br/wp-content/uploads/2019/08/RESULTADO-FINAL-CH-02-2019-SETEMBRO-E-OUTUBRO-2019-corrigido.pdf
"Chamada Pública Fapeg n° 02/2019 – Apoio à realização de eventos científicos, tecnológicos e de inovação no Estado de Goiás",Resultado Preliminar – Novembro e Dezembro,http://www.fapeg.go.gov.br/chamada-publica-fapeg-n-02-2019-apoio-a-realizac%cc%a7a%cc%83o-de-eventos-cientificos-tecnologicos-e-de-inovac%cc%a7a%cc%83o-no-estado-de-goias/,http://www.fapeg.go.gov.br/wp-content/uploads/2019/10/RESULTADO-PRELIMINAR-CH-02-2019-NOVEMBRO-E-DEZEMBRO-DE-2019.pdf
"Chamada Pública Fapeg n° 02/2019 – Apoio à realização de eventos científicos, tecnológicos e de inovação no Estado de Goiás",Resultado Final – Novembro e Dezembro,http://www.fapeg.go.gov.br/chamada-publica-fapeg-n-02-2019-apoio-a-realizac%cc%a7a%cc%83o-de-eventos-cientificos-tecnologicos-e-de-inovac%cc%a7a%cc%83o-no-estado-de-goias/,http://www.fapeg.go.gov.br/wp-content/uploads/2019/06/RESULTADO-FINAL-CH-02-2019-NOVEMBRO-E-DEZEMBRO-DE-2019.pdf
Chamada Pública Fapeg n° 01/2019 – Apoio à Participação em evento científicos e/ou tecnológicos,Chamada Pública 01/2019,http://www.fapeg.go.gov.br/chamada-publica-fapeg-n-01-2019-apoio-a-participacao-em-evento-cientificos-e-ou-tecnologicos/,http://www.fapeg.go.gov.br/wp-content/uploads/2019/06/Chamada-01-2019-Participac%CC%A7a%CC%83o-em-Eventos.pdf
Chamada Pública Fapeg n° 01/2019 – Apoio à Participação em evento científicos e/ou tecnológicos,Retificação,http://www.fapeg.go.gov.br/chamada-publica-fapeg-n-01-2019-apoio-a-participacao-em-evento-cientificos-e-ou-tecnologicos/,http://www.fapeg.go.gov.br/wp-content/uploads/2019/06/Retifica%C3%A7%C3%A3o-Chamada-01-2019-1.pdf
Chamada Pública Fapeg n° 01/2019 – Apoio à Participação em evento científicos e/ou tecnológicos,Resultado Preliminar – Setembro e Outubro,http://www.fapeg.go.gov.br/chamada-publica-fapeg-n-01-2019-apoio-a-participacao-em-evento-cientificos-e-ou-tecnologicos/,http://www.fapeg.go.gov.br/wp-content/uploads/2019/08/CP-01-2019-SETEMBRO-E-OUTUBRO-FINAL.pdf
Chamada Pública Fapeg n° 01/2019 – Apoio à Participação em evento científicos e/ou tecnológicos,Resultado final – Setembro e Outubro,http://www.fapeg.go.gov.br/chamada-publica-fapeg-n-01-2019-apoio-a-participacao-em-evento-cientificos-e-ou-tecnologicos/,http://www.fapeg.go.gov.br/wp-content/uploads/2019/08/RESULTADO-FINAL-CH-01-2019-SETEMBRO-E-OUTUBRO-2019.pdf
Chamada Pública Fapeg n° 01/2019 – Apoio à Participação em evento científicos e/ou tecnológicos,Resultado Preliminar – Novembro e Dezembro,http://www.fapeg.go.gov.br/chamada-publica-fapeg-n-01-2019-apoio-a-participacao-em-evento-cientificos-e-ou-tecnologicos/,http://www.fapeg.go.gov.br/wp-content/uploads/2019/10/RESULTADO-PRELIMINAR-CH-01-2019-NOVEMBRO-E-DEZEMBRO-DE-2019.pdf
Chamada Pública Fapeg n° 01/2019 – Apoio à Participação em evento científicos e/ou tecnológicos,Resultado Final – Novembro e Dezembro,http://www.fapeg.go.gov.br/chamada-publica-fapeg-n-01-2019-apoio-a-participacao-em-evento-cientificos-e-ou-tecnologicos/,http://www.fapeg.go.gov.br/wp-content/uploads/2019/10/RESULTADO-FINAL-CH-01-2019-NOVEMBRO-E-DEZEMBRO-DE-2019.pdf
CONFAP-CNPQ – THE UK ACADEMIES 2018,Edital,http://www.fapeg.go.gov.br/confap-cnpq-the-uk-academies-2018/,http://www.fapeg.go.gov.br/wp-content/uploads/2018/12/CONFAP_CNPq_Academies-Call_2018_vfinal.pdf
Joint Programming Initiative Healthy and Productive Seas and Oceans (JPI Oceans),Chamada,http://www.fapeg.go.gov.br/joint-programming-initiative-healthy-and-productive-seas-and-oceans-jpi-oceans/,http://www.fapeg.go.gov.br/wp-content/uploads/2018/12/JPI-Oceans-Annex-1-Call-text-MPII-v5-lowres.pdf
ERC – CONFAP – CNPq Call 2018: Second Round,http://confap.org.br/news/wp-content/uploads/2018/09/CONFAP_CNPq__ERC_IA_Call_2018_Second-Round.pdf,http://www.fapeg.go.gov.br/erc-confap-cnpq-call-2018-second-round/,http://confap.org.br/news/wp-content/uploads/2018/09/CONFAP_CNPq__ERC_IA_Call_2018_Second-Round.pdf
UK-Brazil English Collaboration Call,Chamada Pública,http://www.fapeg.go.gov.br/uk-brazil-english-collaboration-call/,http://confap.org.br/news/wp-content/uploads/2018/06/0_uk-brazil_english_collaboration_call_21062018-en_0.pdf
ERC – CONFAP – CNPq Call 2018,Chamada Pública,http://www.fapeg.go.gov.br/erc-confap-cnpq-call-2018/,http://confap.org.br/news/wp-content/uploads/2018/06/CONFAP_CNPq__ERC_IA_Call_2018.pdf
Nexa Talentos Inovadores – Programa Inova Talentos – IEL/FAPEG,Edital,http://www.fapeg.go.gov.br/nexa-talentos-inovadores-programa-inova-talentos-iel-fapeg/,http://sne.iel.org.br/nexa/assets/arquivos/Edital_Nexa.pdf
MOBILITY CONFAP ITALY CALL – MCI 2018,Chamada Pública,http://www.fapeg.go.gov.br/mobility-confap-italy-call-mci-2018/,http://www.fapeg.go.gov.br/wp-content/uploads/2018/05/CONFAP_MCI_Call_2018.pdf
Chamada Pública nº 05/2018 – Bolsas de Formação Mestrado e Doutorado Ações Afirmativas,Chamada Pública,http://www.fapeg.go.gov.br/chamada-publica-no-05-2018-bolsas-de-formacao-mestrado-e-doutorado-acoes-afirmativas/,http://www.fapeg.go.gov.br/wp-content/uploads/2018/05/Chamada_05-A%C3%A7%C3%B5es_Afirmativas_16-05-2018.pdf
Chamada Pública nº 09/2018 – Bolsas de Pós-Doutorado no País – Acordo Capes/Fapeg,Chamada Pública,http://www.fapeg.go.gov.br/chamada-publica-no-09-2018-bolsas-de-pos-doutorado-no-pais-acordo-capes-fapeg/,http://www.fapeg.go.gov.br/wp-content/uploads/2018/05/Chamada-Pos-Doc-no-Pa%C3%ADs-16-05-2018-FINAL.pdf
Chamada Pública nº 08/2018 – Bolsas de Pós-Doutorado DOCFIX – Acordo Capes/Fapeg,Chamada Pública,http://www.fapeg.go.gov.br/chamada-publica-no-08-2018-bolsas-de-pos-doutorado-docfix-acordo-capes-fapeg/,http://www.fapeg.go.gov.br/wp-content/uploads/2018/05/Chamada-P%C3%BAblica-08-2018-DOCFIX-16-05-2018.pdf
Chamada Pública nº 07/2018 – Bolsas de Formação Mestrado e Doutorado – Acordo Capes/Fapeg,Chamada Pública,http://www.fapeg.go.gov.br/chamada-publica-no-07-2018-bolsas-de-formacao-mestrado-e-doutorado-acordo-capes-fapeg/,http://www.fapeg.go.gov.br/wp-content/uploads/2018/05/CH-07-2018-CAPES-FAPEG-Mestrado-e-Doutorado-16-05-2018.pdf
Chamada Pública nº 06/2018 – Apoio a Programas de Pós-Graduação Stricto Sensu – Acordo Capes/Fapeg,Chamada Pública,http://www.fapeg.go.gov.br/chamada-publica-no-06-2018-apoio-a-programas-de-pos-graduacao-stricto-sensu-acordo-capes-fapeg/,http://www.fapeg.go.gov.br/wp-content/uploads/2018/05/Chamada-Apoio-a-PPGSS-16-05-2018-FINAL.pdf
Chamada Pública nº 04/2018 – Conservação da Natureza – Legado Verdes do Cerrado – Fapeg/Companhia Brasileira de Alumínio/Reservas Votorantim,Chamada Pública,http://www.fapeg.go.gov.br/chamada-publica-no-04-2018-conservacao-da-natureza-legados-verdes-do-cerrado-fapeg-companhia-brasileira-de-aluminio-reservas-votorantim/,http://www.fapeg.go.gov.br/wp-content/uploads/2018/05/Edital-Votorantim-Final-16-05-2018.pdf
Researcher Connect Confap – edital 2018-2019,Chamada Pública,http://www.fapeg.go.gov.br/researcher-connect-confap-edital-2018-2019/,https://www.britishcouncil.org.br/sites/default/files/researcher_connect_call_-_confap_fapesp_2018_2019_sem_fapesp.pdf
Grand Challenges Explorations – Brazil,GCE Brazil Call – English,http://www.fapeg.go.gov.br/grand-challenges-explorations-brazil/,http://www.fapeg.go.gov.br/wp-content/uploads/2018/04/GCE-Brazil-Call-Topic_English-version-with-logos.pdf
Water JPI 2018 Transnational Joint Call,Water JPI 2018 Transnational Joint Call,http://www.fapeg.go.gov.br/water-jpi-2018-transnational-joint-call/,http://www.fapeg.go.gov.br/wp-content/uploads/2018/04/water-jpi-2018-joint_call_participating_countries.pdf
Bolsas de mestrado para grupos sub-representados na Ciência – edital 2018,Chamada,http://www.fapeg.go.gov.br/bolsas-de-mestrado-para-grupos-sub-representados-na-ciencia-edital-2018/,https://www.britishcouncil.org.br/sites/default/files/programa_de_mestrado_edital_2018_versao_final.pdf
Fundo Newton – Chamadas para brasileiros,British Academy – Newton Advanced Fellowship,http://www.fapeg.go.gov.br/fundo-newton-chamadas-para-brasileiros/,http://confap.org.br/news/wp-content/uploads/2018/01/Newton-Advanced-Fellowship-Scheme-Notes-2018-19-RD1-Brazil-Mexico-South-Africa-and-Turkey-FINAL-Version.pdf
Chamada Pública n° 03/2018 Bolsas Mestrado e Doutorado,Edital,http://www.fapeg.go.gov.br/chamada-publica-n-03-2018-bolsas-mestrado-e-doutorado/,http://www.fapeg.go.gov.br/wp-content/uploads/2018/01/CP_03_2018_Mestrado_Doutorado_2018_final_II.pdf
Chamada Pública nº 02/2018 – Realização de Eventos,Edital,http://www.fapeg.go.gov.br/chamada-publica-no-02-18-realizacao-de-eventos/,http://www.fapeg.go.gov.br/wp-content/uploads/2018/01/CP_02_2018_Realiza%C3%A7%C3%A3o.pdf
Chamada Pública nº 01/2018 – Participação em Eventos,Edital,http://www.fapeg.go.gov.br/chamada-publica-no-01-18-participacao-em-eventos/,http://www.fapeg.go.gov.br/wp-content/uploads/2018/01/CP_01_2018_PARTICIPACAO.pdf
FameLab 2018,Chamada de Propostas,http://www.fapeg.go.gov.br/famelab-2018/,http://www.fapeg.go.gov.br/wp-content/uploads/2018/01/FAMELAB-BRASIL-2018-Edital_Vers%C3%A3o-Final_20180117.pdf
Chamada Pública nº 10/2017 – Apoio à Estruturação de Parques Tecnológicos – Fapeg/SED,Chamada Pública,http://www.fapeg.go.gov.br/chamada-publica-no-10-2017-apoio-a-estruturacao-de-parques-tecnologicos-fapeg-sed/,http://www.fapeg.go.gov.br/wp-content/uploads/2017/12/CHAMADA-P%C3%9ABLICA-N%C2%BA-10-2017-PARQUES-TECNOL%C3%93GICOS.pdf
Chamada Pública nº 09/2017 – Subvenção Econômica à Inovação – Inova Goiás,Chamada Pública,http://www.fapeg.go.gov.br/chamada-publica-no-09-2017-subvencao-economica-a-inovacao-inova-goias/,http://www.fapeg.go.gov.br/wp-content/uploads/2017/12/CHAMADA-P%C3%9ABLICA-N%C2%BA-09-2017-INOVA-GOI%C3%81S.pdf
"Chamada Pública nº 08/2017 – Seleção Pública de Propostas para Apoio à Pesquisa, Desenvolvimento e Inovação em Empresas Emergentes de Base Tecnológica",Chamada Pública,http://www.fapeg.go.gov.br/chamada-publica-no-08-2017-selecao-publica-de-propostas-para-apoio-a-pesquisa-desenvolvimento-e-inovacao-em-empresas-emergentes-de-base-tecnologica/,http://www.fapeg.go.gov.br/wp-content/uploads/2017/12/CHAMADA-P%C3%9ABLICA-N%C2%BA-08-2017-STARTUPS.pdf
Edital de Chamada Pública CONFAP-MDIC nº 02/2017,Chamada Pública,http://www.fapeg.go.gov.br/edital-de-chamada-publica-confap-mdic-no-02-2017/,http://confap.org.br/news/wp-content/uploads/2017/11/Edital-CONFAP-MDIC-n.-02.2017_final_-10.11.2017.pdf
British Academy – Newton Advanced Fellowships,http://confap.org.br/news/wp-content/uploads/2017/11/Newton-Advanced-Fellowship-Scheme-Notes-RD3-2017-Brazil-Mexico-South-Africa-and-Turkey-Final-Version-revised-21.11.17.pdf,http://www.fapeg.go.gov.br/british-academy-newton-advanced-fellowships/,http://confap.org.br/news/wp-content/uploads/2017/11/Newton-Advanced-Fellowship-Scheme-Notes-RD3-2017-Brazil-Mexico-South-Africa-and-Turkey-Final-Version-revised-21.11.17.pdf
British Academy – Newton Mobility Grants,http://confap.org.br/news/wp-content/uploads/2017/11/Newton-Mobility-Grants-Scheme-Notes-RD3-2017-Brazil-Mexico-South-Africa-and-Turkey-Final-Version-revised-21.11.17.pdf,http://www.fapeg.go.gov.br/british-academy-newton-mobility-grants/,http://confap.org.br/news/wp-content/uploads/2017/11/Newton-Mobility-Grants-Scheme-Notes-RD3-2017-Brazil-Mexico-South-Africa-and-Turkey-Final-Version-revised-21.11.17.pdf
Chamada Pública CONFAP– UK ACADEMIES,Chamada em inglês,http://www.fapeg.go.gov.br/chamada-confap-uk-academies/,http://confap.org.br/news/wp-content/uploads/2017/10/CONFAP_Academies-Call_2017_final.pdf
Chamada Pública n° 07/2017 Bolsas Mestrado e Doutorado CAPES/FAPEG,Chamada Pública,http://www.fapeg.go.gov.br/chamada-publica-n-052017-bolsas-mestrado-e-doutorado-capesfapeg/,http://www.fapeg.go.gov.br/wp-content/uploads/2017/10/CH-07-2017-CAPES-FAPEG-11-10-2017.pdf
Chamada Pública FAPEG/INRIA/CNRS nº 06/2017,Chamada Pública,http://www.fapeg.go.gov.br/chamada-publica-fapeginriacnrs-no-062017/,http://www.fapeg.go.gov.br/wp-content/uploads/2017/09/2017Chamada-INRIA-CNRS-FAPEG-19-09-2017.pdf
Chamada Pública FAPEG/EMATER nº 05/2017,Chamada Pública,http://www.fapeg.go.gov.br/chamada-publica-fapegemater-no-052017/,http://www.fapeg.go.gov.br/wp-content/uploads/2017/08/Edital_Emater_Vs_Final_17_08_2017-1.pdf
Newton Advanced Fellowships,Chamada Pública,http://www.fapeg.go.gov.br/newton-advanced-fellowships/,https://royalsociety.org/~/media/grants/schemes/Newton-Advanced-Fellowship-Scheme-Notes-2018-R1.pdf
MRC-CONFAP Call for Health Systems Research Networks,Chamada Pública – em inglês,http://www.fapeg.go.gov.br/mrc-confap-call-for-health-systems-research-networks/,http://confap.org.br/news/wp-content/uploads/2017/07/UK-Brazil-MRC-Call-final-version.pdf
Nº 04/17 – Programa Pesquisa para o SUS: Gestão Compartilhada em Saúde ‒ FAPEG/SES-GO/CNPq/MS-DECIT/2017 – PPSUS/GO,Edital,http://www.fapeg.go.gov.br/no-042017-programa-pesquisa-para-o-sus-gestao-compartilhada-em-saude-%e2%80%92-fapegses-gocnpqms-decit2017-ppsusgo/,http://www.fapeg.go.gov.br/wp-content/uploads/2017/06/Edital-04-2017-PPSUS-30-06.pdf
Chamada Pública CONFAP-MDIC nº 01/2017,Chamada Pública,http://www.fapeg.go.gov.br/chamada-publica-confap-mdic-no-012017/,http://confap.org.br/news/wp-content/uploads/2017/06/Edital-CONFAP-MDIC-n.-01.2017_vers%C3%A3o-final.pdf
MOBILITY CONFAP ITALY CALL – MCI,Chamada,http://www.fapeg.go.gov.br/mobility-confap-italy-call-mci/,http://confap.org.br/news/wp-content/uploads/2017/06/CONFAP_MCI_Call_2017.pdf
CHAMADA PÚBLICA E WORKSHOP PARA EMPREENDEDORES – IDEIAS INOVADORAS – STARTUPS,Anúncio,http://www.fapeg.go.gov.br/chamada-publica-e-workshop-para-empreendedores-ideias-inovadoras-startups/,http://www.fapeg.go.gov.br/wp-content/uploads/2017/06/CHAMADA-P%C3%9ABLICA-E-WORKSHOP-PARA-EMPREENDEDORES-IDEIAS-INOVADORAS-STARTUPS.pdf
CHAMADA PÚBLICA E WORKSHOP PARA EMPREENDEDORES – SUBVENÇÃO ECONÔMICA À INOVAÇÃO – MEI E MPE,Anúncio,http://www.fapeg.go.gov.br/chamada-publica-e-workshop-para-empreendedores-subvencao-economica-a-inovacao-mei-e-mpe/,http://www.fapeg.go.gov.br/wp-content/uploads/2017/06/CHAMADA-P%C3%9ABLICA-E-WORKSHOP-PARA-EMPREENDEDORES-SUBVEN%C3%87%C3%83O-ECON%C3%94MICA-%C3%80-INOVA%C3%87%C3%83O-MEI-E-MPE.pdf
CHAMADA PÚBLICA E WORKSHOP PARA PARQUES TECNOLÓGICOS,Anúncio,http://www.fapeg.go.gov.br/chamada-publica-e-workshop-para-parques-tecnologicos/,http://www.fapeg.go.gov.br/wp-content/uploads/2017/06/CHAMADA-P%C3%9ABLICA-E-WORKSHOP-PARA-PARQUES-TECNOL%C3%93GICOS.pdf
Nº 03/17 – Bolsas de Mestrado e Doutorado,Edital,http://www.fapeg.go.gov.br/no-0317-bolsas-de-mestrado-e-doutorado/,http://www.fapeg.go.gov.br/wp-content/uploads/2017/04/Edital-Mest-Dout-2017-20-4-2017-Publicado-Vers%C3%A3o-Final.pdf
Researcher Connect Confap/Fapesp – edital 2017-18,Chamada Pública,http://www.fapeg.go.gov.br/researcher-connect-confapfapesp-edital-2017-18/,http://www.fapeg.go.gov.br/wp-content/uploads/2017/04/researcher_connect_call_-_confap_fapesp_2017_2018.pdf
Institutional Links Inovação Social – Desenvolvimento Rural e Biodiversidade,Chamada,http://www.fapeg.go.gov.br/institutional-links-inovacao-social-desenvolvimento-rural-e-biodiversidade/,http://www.fapeg.go.gov.br/wp-content/uploads/2017/04/Institutional-Links-Inova%C3%A7%C3%A3o-Social-%E2%80%93-Desenvolvimento-Rural-e-Biodiversidade.pdf
Researcher Links Workshops Confap/Fapeg – 2017/2018,Chamada,http://www.fapeg.go.gov.br/researcher-links-workshops-confapfapeg-20172018/,http://www.fapeg.go.gov.br/wp-content/uploads/2017/04/Chamada-RL-2017-2018.pdf
Call for Expression of Interest – CONFAP/ERC/FAPs/CNPq/CAPES,Chamada Pública – em inglês,http://www.fapeg.go.gov.br/call-for-expression-of-interest-confapercfapscnpqcapes/,http://confap.org.br/news/wp-content/uploads/2017/04/CONFAP_ERC_Call-for-EoI.pdf
Famelab 2017,Chamada de Propostas,http://www.fapeg.go.gov.br/famelab-2017/,http://www.fapeg.go.gov.br/wp-content/uploads/2017/02/famelab_chamada_20170207-FAPEG.pdf
Nº 02/17 – Realização de Eventos,Edital,http://www.fapeg.go.gov.br/no-0217-realizacao-de-eventos/,http://www.fapeg.go.gov.br/wp-content/uploads/2017/01/Edital-CP-02-2017-Final.pdf
Nº 01/17 – Participação em Eventos,Edital,http://www.fapeg.go.gov.br/no-0117-participacao-em-eventos/,http://www.fapeg.go.gov.br/wp-content/uploads/2017/01/EDITAL-CP-01-2017-PARTICIPACAO-Final.pdf
Bolsa de mestrado para grupos sub-representados na Ciência – British Council/Newton Fund – FAPEG – FAPESQ/PB – FAPESB,Chamada,http://www.fapeg.go.gov.br/bolsa-de-mestrado-para-grupos-sub-representados-na-ciencia-british-councilnewton-fund-fapeg-fapesqpb-fapesb/,http://www.fapeg.go.gov.br/wp-content/uploads/2017/01/edital_di_bolsas_de_mestrado_reino_unido_0.pdf
Nº 06/16 – Programa de Apoio a Núcleos de Excelência,Edital,http://www.fapeg.go.gov.br/no-0616-programa-de-apoio-a-nucleos-de-excelencia/,http://www.fapeg.go.gov.br/wp-content/uploads/2016/12/FAPEG_PRONEX-2016_FINAL_Imprimir.pdf
Nº 07/16 – Programa de Apoio a Núcleos Emergentes,Edital,http://www.fapeg.go.gov.br/no-0716-programa-de-apoio-a-nucleos-emergentes/,http://www.fapeg.go.gov.br/wp-content/uploads/2016/12/FAPEG_PRONEM_2016_FINAL-PUBLICAR.pdf
Nº 05/16 – INRIA,Edital,http://www.fapeg.go.gov.br/no-0516-inria/,http://www.fapeg.go.gov.br/wp-content/uploads/2016/08/Chamada-INRIA-CNRS-FAPEG-2016-1.pdf
Confap – UK Academies 2016,Chamada Pública – Inglês,http://www.fapeg.go.gov.br/confap-uk-academies-2016/,http://www.fapeg.go.gov.br/wp-content/uploads/2016/08/CONFAP_Academies-Call_2016_FINAL.pdf
Nº 04/2016 – Desenvolvimento Científico e Tecnológico Regional – DCR – CNPq/FAPEG,Edital,http://www.fapeg.go.gov.br/no-042016-desenvolvimento-cientifico-e-tecnologico-regional-dcr-cnpqfapeg/,http://www.fapeg.go.gov.br/wp-content/uploads/2016/06/MINUTA-CHAMADA-PUBLICA-FAPEG_DCR-2016_-FINAL_3.pdf
Researcher Connect 2016-2017 – CONFAP/British Council/Fundo Newton,Chamada,http://www.fapeg.go.gov.br/researcher-connect-2016-2017-confapfapespbritish-councilfundo-newton/,http://www.fapeg.go.gov.br/wp-content/uploads/2016/04/researcher_connect_call_-_confap_fapesp_2016_2017.pdf
Nº 03/16 – Bolsas de Mestrado e Doutorado,Edital,http://www.fapeg.go.gov.br/no-0316-bolsas-de-mestrado-e-doutorado/,http://www.fapeg.go.gov.br/wp-content/uploads/2016/03/CH-03-2016-BOLSAS-MESTRADO-E-DOUTORADO.pdf
Nº 02/16 – Realização de Eventos,Edital,http://www.fapeg.go.gov.br/no-0216-realizacao-de-eventos/,http://www.fapeg.go.gov.br/wp-content/uploads/2016/02/Edital-CP-N%C2%BA-2-2016-REALIZA%C3%87%C3%83O-DE-EVENTOS_2-2.pdf
Nº 01/16 – Participação em Eventos,Edital,http://www.fapeg.go.gov.br/no-0116-participacao-em-eventos/,http://www.fapeg.go.gov.br/wp-content/uploads/2016/02/EDITAL-CP-N%C2%BA-01-2016-PARTICIPA%C3%87%C3%83O-EM-EVENTOS_2-2.pdf
Horizonte 2020 União Europeia – CONFAP/FAPEG,Guidelines,http://www.fapeg.go.gov.br/diretrizes-confapfapeg-horizonte-2020-uniao-europeia/,http://www.fapeg.go.gov.br/wp-content/uploads/2015/12/DOCUMENTO-BRUXELAS-horizon2020_FAPs_guidelines_TEMPLATE-1.pdf
Nº 07/15 – Apoio à Estruturação e Manutenção de Núcleos de Inovação Tecnológica,Edital,http://www.fapeg.go.gov.br/no-0715-apoio-a-estruturacao-e-manutencao-de-nucleos-de-inovacao-tecnologica/,http://www.fapeg.go.gov.br/wp-content/uploads/2015/09/CHAMADA-PUBLICA_N_07_2015_NITs_01_09_2015_.pdf
Nº 06/15 – Apoio às Empresas Incubadoras de Base Tecnológica,Edital,http://www.fapeg.go.gov.br/no-0615-apoio-as-empresas-incubadoras-de-base-tecnologica/,http://www.fapeg.go.gov.br/wp-content/uploads/2015/09/2015CHAMADA06.pdf
Nº 05/15 – INRIA,Edital,http://www.fapeg.go.gov.br/no-0515-inria/,http://www.fapeg.go.gov.br/wp-content/uploads/2015/08/Chamada_Publica_INRIA_n_05_15.pdf
CONFAP – The UK Academies,Chamada Pública,http://www.fapeg.go.gov.br/confap-the-uk-academies/,http://www.fapeg.go.gov.br/wp-content/uploads/2015/07/CONFAP_UK_Academies_Call_2015.pdf
Virtual Joint Centres – BBSRC/CONFAP-Fundo Newton,Pré-anúncio,http://www.fapeg.go.gov.br/virtual-joint-centres-bbsrcconfap-fundo-newton/,http://www.fapeg.go.gov.br/wp-content/uploads/2015/07/Virtual_Joint_Centres_pre_announcement_text_Final.pdf
